1,0.57828,0.97929,0.17797,0.88276,0.39997,0.29244,0.35353,0.20018,0.70828,0.31689,0.5908,0.53114,0.36103,0.0040835,0.72958,0.61887,0.49632,0.28323,0.54582,0.47569,0.6934,0.70131,0.39244,0.41094,0.012938,0.8929,0.0062071,0.32869,0.52106,0.0043593,0.4945,0.4624,0.31209,0.38533,0.31478,0.86954,0.1893,0.90059,0.54831,0.13854,0.018903,0.3868,0.88076,0.25709,0.57582,0.37998,0.053666,0.3921,0.92696,0.15555
1,0.42606,0.20247,0.7795,0.15207,0.90157,0.61351,0.16823,0.41696,0.21142,0.053328,0.01458,0.075275,0.76935,0.54976,0.75648,0.30474,0.84159,0.083244,0.22141,0.89204,0.56841,0.6509,0.68393,0.49196,0.45971,0.34361,0.057279,0.63982,0.52932,0.24429,0.72715,0.3345,0.45821,0.21153,0.29683,0.98973,0.85317,0.90595,0.73984,0.31729,0.9093,0.64863,0.84316,0.97946,0.5652,0.1647,0.3688,0.18151,0.44907,0.52665
1,0.1875,0.40332,0.83151,0.63055,0.9168,0.78897,0.082602,0.68584,0.92367,0.051405,0.87261,0.86228,0.77439,0.6915,0.34148,0.043195,0.91308,0.58556,0.38746,0.3661,0.52644,0.21074,0.61998,0.2525,0.23042,0.80969,0.92649,0.60864,0.96715,0.38924,0.53578,0.37964,0.49387,0.46025,0.30918,0.61943,0.94561,0.0063111,0.28144,0.47766,0.50487,0.96379,0.78382,0.92762,0.25532,0.013013,0.64134,0.839,0.96299,0.67747
1,0.27137,0.036665,0.80906,0.20822,0.45567,0.19331,0.75344,0.19674,0.97166,0.014279,0.52968,0.11162,0.21445,0.24905,0.04664,0.36663,0.79364,0.74891,0.18039,0.53133,0.93022,0.74029,0.89436,0.60877,0.25511,0.89426,0.38295,0.66697,0.73188,0.34895,0.30422,0.3916,0.76805,0.80944,0.65562,0.095115,0.94718,0.60793,0.92791,0.29022,0.36489,0.95875,0.26907,0.016467,0.31183,0.82151,0.82182,0.43006,0.75664,0.92578
1,0.25818,0.72681,0.02027,0.36489,0.32453,0.10243,0.89326,0.61326,0.35496,0.31868,0.42585,0.19894,0.49219,0.24053,0.17635,0.18314,0.52971,0.55398,0.75584,0.87532,0.82568,0.55702,0.27271,0.81102,0.38105,0.55264,0.74298,0.60781,0.16328,0.88387,0.041572,0.20538,0.60821,0.72564,0.79376,0.078537,0.37428,0.20561,0.020798,0.70655,0.72981,0.72534,0.83273,0.51514,0.13847,0.062204,0.59041,0.84429,0.95489,0.57902
1,0.80834,0.8568,0.43249,0.5779,0.77831,0.68664,0.24822,0.053763,0.14854,0.15194,0.17591,0.88041,0.97419,0.6127,0.061819,0.30558,0.80678,0.43398,0.54684,0.21866,0.36095,0.9237,0.045619,0.12675,0.60529,0.49111,0.77923,0.6131,0.83867,0.48098,0.72427,0.59038,0.32622,0.019159,0.64659,0.43267,0.058228,0.96639,0.33931,0.94515,0.63812,0.2701,0.078334,0.16261,0.52998,0.75391,0.11453,0.9396,0.41394,0.69568
1,0.2844,0.28161,0.64852,0.72094,0.44266,0.77927,0.57385,0.42406,0.23839,0.66167,0.13343,0.41293,0.75334,0.43558,0.5095,0.63731,0.18462,0.85513,0.31749,0.63746,0.43313,0.36382,0.37207,0.76124,0.8657,0.080549,0.51608,0.51631,0.067107,0.51296,0.030411,0.027897,0.62168,0.01383,0.60206,0.23088,0.8884,0.56326,0.68416,0.80858,0.58189,0.88795,0.25336,0.60553,0.74076,0.67151,0.88191,0.027154,0.91361,0.92184
1,0.84582,0.12988,0.31227,0.81223,0.36426,0.71298,0.92102,0.95515,0.08127,0.76936,0.53002,0.33169,0.77924,0.9334,0.60552,0.42082,0.17694,0.64915,0.13769,0.69709,0.45951,0.96969,0.78457,0.64008,0.46192,0.70703,0.13475,0.52276,0.89571,0.55899,0.39388,0.57443,0.75449,0.01407,0.38392,0.63721,0.87921,0.17518,0.96115,0.72408,0.43266,0.43661,0.93283,0.2915,0.18967,0.55066,0.83989,0.24909,0.065664,0.65602
1,0.20508,0.044227,0.99452,0.67794,0.70015,0.58461,0.32845,0.63753,0.62431,0.97556,0.10584,0.26995,0.24961,0.41464,0.67365,0.063821,0.37137,0.88919,0.24759,0.236,0.6237,0.10636,0.034551,0.71507,0.33662,0.015549,0.015533,0.89064,0.78375,0.88986,0.4684,0.54474,0.03612,0.47867,0.58059,0.76682,0.95288,0.31457,0.48989,0.84148,0.36447,0.23304,0.17105,0.94394,0.031935,0.071147,0.52221,0.17967,0.44371,0.35703
1,0.54847,0.95211,0.73735,0.16752,0.082699,0.80006,0.82596,0.41403,0.69232,0.40111,0.61705,0.498,0.32546,0.20193,0.2687,0.83794,0.39564,0.78858,0.65907,0.89797,0.65074,0.24809,0.72157,0.99683,0.25583,0.77905,0.84487,0.97838,0.17612,0.90891,0.080845,0.20007,0.39976,0.97002,0.24521,0.71466,0.28134,0.99186,0.3276,0.21993,0.30595,0.31105,0.68038,0.37399,0.65938,0.63822,0.64749,0.79188,0.47647,0.21251
1,0.2485,0.92886,0.82581,0.14638,0.2606,0.41314,0.041485,0.054955,0.94388,0.30332,0.9759,0.5075,0.40838,0.79237,0.69146,0.16072,0.34353,0.9582,0.35104,0.083344,0.35284,0.3202,0.16054,0.10041,0.070935,0.47538,0.0033558,0.56529,0.13026,0.22264,0.75767,0.60034,0.60044,0.78024,0.13012,0.91563,0.68753,0.12235,0.33493,0.53793,0.50798,0.35442,0.59004,0.2941,0.64369,0.86866,0.99904,0.59043,0.088089,0.72677
1,0.22403,0.17287,0.546,0.12124,0.59937,0.37392,0.33745,0.27677,0.96869,0.80789,0.74239,0.75729,0.77244,0.88347,0.94614,0.51617,0.7197,0.92872,0.54764,0.22925,0.85332,0.90653,0.5877,0.68088,0.61256,0.33009,0.49016,0.6149,0.58135,0.16255,0.10937,0.88103,0.96083,0.52906,0.75308,0.95269,0.80346,0.13991,0.94557,0.36834,0.29593,0.10526,0.94837,0.033653,0.21402,0.13319,0.71878,0.3327,0.10811,0.0067734
1,0.9897,0.5071,0.056881,0.31483,0.22762,0.35919,0.75664,0.31556,0.68335,0.66066,0.65582,0.51157,0.62746,0.29006,0.83692,0.6436,0.060575,0.044733,0.02673,0.24023,0.66684,0.87078,0.39643,0.94623,0.030432,0.74482,0.47511,0.18918,0.30997,0.87712,0.5396,0.99784,0.024611,0.96793,0.49189,0.5933,0.074951,0.68427,0.55894,0.25031,0.29108,0.80385,0.037347,0.46086,0.77656,0.86696,0.80891,0.81131,0.69402,0.57032
1,0.95566,0.096052,0.43272,0.015939,0.81011,0.0057962,0.48538,0.86824,0.38115,0.68618,0.91709,0.12616,0.40305,0.49217,0.6972,0.47002,0.10259,0.99551,0.55397,0.1885,0.88632,0.67423,0.6495,0.62853,0.56059,0.14791,0.38979,0.93125,0.015089,0.58194,0.37337,0.89092,0.99915,0.94308,0.3377,0.81095,0.80179,0.3005,0.54923,0.97538,0.089525,0.29649,0.61186,0.026674,0.75866,0.43373,0.17698,0.85074,0.40506,0.4979
1,0.84265,0.7383,0.66989,0.48117,0.87164,0.49356,0.73478,0.70191,0.49188,0.92032,0.38618,0.92112,0.15708,0.8381,0.923,0.088472,0.86865,0.75104,0.83444,0.39466,0.94816,0.2859,0.4782,0.48074,0.14133,0.67104,0.021088,0.45553,0.45788,0.75659,0.013083,0.88855,0.8112,0.271,0.88237,0.98113,0.83377,0.54135,0.032523,0.27113,0.11757,0.066123,0.43591,0.72075,0.55756,0.70926,0.50238,0.20972,0.0079373,0.38858
1,0.82155,0.81411,0.27794,0.32588,0.18942,0.32748,0.3883,0.843,0.12931,0.82918,0.4477,0.06581,0.17608,0.094649,0.16703,0.098201,0.72253,0.088021,0.043054,0.21728,0.64896,0.94653,0.24737,0.85103,0.78215,0.32846,0.28495,0.40819,0.11315,0.039861,0.17001,0.8622,0.12444,0.30379,0.66785,0.33946,0.018135,0.1548,0.83778,0.2636,0.38527,0.9023,0.12114,0.62728,0.60512,0.76374,0.95398,0.61285,0.64029,0.48251
1,0.76523,0.060329,0.41693,0.94374,0.12932,0.051098,0.68871,0.55387,0.071029,0.022595,0.97112,0.0077886,0.15764,0.042526,0.48096,0.35663,0.97547,0.79559,0.4453,0.65503,0.56187,0.9142,0.28028,0.50883,0.96783,0.089814,0.34182,0.61792,0.74493,0.91657,0.070737,0.61858,0.96511,0.21036,0.57435,0.42116,0.94772,0.86315,0.79729,0.95272,0.28055,0.062024,0.46734,0.64535,0.35105,0.96024,0.057605,0.49578,0.83508,0.80369
1,0.37717,0.69238,0.6804,0.029284,0.82987,0.95947,0.66943,0.27531,0.95406,0.35377,0.8642,0.063978,0.84684,0.60228,0.4343,0.84376,0.58923,0.59286,0.16136,0.0096705,0.97338,0.88402,0.57568,0.26587,0.74993,0.38098,0.18116,0.52741,0.31865,0.72753,0.87681,0.29464,0.77525,0.17228,0.1133,0.86156,0.77753,0.9958,0.23485,0.2912,0.48789,0.16794,0.11583,0.31118,0.7969,0.21999,0.90739,0.76692,0.62794,0.81477
1,0.85942,0.10085,0.37727,0.36432,0.26418,0.29179,0.64141,0.52615,0.070657,0.90144,0.97854,0.051835,0.92144,0.25898,0.77299,0.74506,0.70171,0.10355,0.061858,0.31699,0.92308,0.10699,0.28583,0.49585,0.64483,0.83255,0.5869,0.66995,0.22341,0.68853,0.64768,0.7647,0.20886,0.78703,0.67734,0.91636,0.98173,0.36332,0.71884,0.3697,0.10985,0.082502,0.21321,0.2548,0.92649,0.59689,0.86896,0.97269,0.81941,0.1849
1,0.031791,0.50479,0.60768,0.70772,0.15504,0.37857,0.26253,0.0050452,0.42788,0.90979,0.98979,0.032077,0.37255,0.84447,0.67176,0.14956,0.34221,0.0032181,0.53521,0.16218,0.26652,0.48526,0.74972,0.038466,0.77452,0.040245,0.72477,0.51635,0.37375,0.97391,0.053948,0.073251,0.98073,0.66025,0.58083,0.43678,0.56266,0.37526,0.83804,0.055582,0.58398,0.56619,0.15625,0.50665,0.41278,0.9024,0.93669,0.12547,0.24857,0.030766
1,0.60513,0.80328,0.34415,0.14266,0.86755,0.43116,0.73214,0.4666,0.69721,0.14918,0.61471,0.14173,0.27899,0.66678,0.95336,0.87683,0.41692,0.70044,0.024945,0.9566,0.27109,0.15184,0.65251,0.95299,0.9341,0.34254,0.88508,0.040622,0.60004,0.80535,0.92546,0.30367,0.71813,0.25465,0.95442,0.29002,0.028901,0.33757,0.46867,0.74397,0.26852,0.098294,0.73696,0.047437,0.087569,0.58937,0.56944,0.89999,0.89684,0.5195
1,0.434,0.87947,0.098322,0.38935,0.68004,0.96054,0.55483,0.80303,0.69261,0.08419,0.019728,0.30295,0.32256,0.98571,0.69699,0.3104,0.19123,0.40718,0.10666,0.34134,0.7221,0.86273,0.75462,0.41269,0.044085,0.15986,0.96532,0.49218,0.73144,0.45217,0.028508,0.47615,0.89501,0.092536,0.83439,0.17273,0.63082,0.24584,0.4712,0.60427,0.90275,0.88177,0.23042,0.92869,0.9396,0.91508,0.49677,0.85077,0.71553,0.76852
1,0.07855,0.35297,0.13814,0.47683,0.51647,0.50937,0.90481,0.9113,0.14102,0.99093,0.3777,0.43577,0.98775,0.64152,0.26998,0.51515,0.534,0.6946,0.99798,0.68065,0.31195,0.86427,0.75024,0.8085,0.1476,0.54308,0.23161,0.029655,0.54498,0.63276,0.727,0.65297,0.7908,0.69021,0.51188,0.19021,0.4073,0.53673,0.37408,0.10014,0.00079477,0.17499,0.44538,0.57768,0.6244,0.3243,0.83887,0.40422,0.52621,0.69676
1,0.7816,0.62879,0.70039,0.35499,0.95998,0.37818,0.063949,0.25304,0.17318,0.93982,0.60001,0.065138,0.87526,0.53229,0.071289,0.59573,0.45137,0.96469,0.33803,0.023142,0.10458,0.80376,0.99646,0.67102,0.23282,0.087245,0.010667,0.55486,0.99828,0.22344,0.84489,0.82412,0.76058,0.97345,0.20638,0.82572,0.67083,0.48017,0.67482,0.78161,0.22892,0.39696,0.21018,0.34584,0.162,0.38407,0.86823,0.50927,0.55305,0.93872
1,0.72488,0.47078,0.28453,0.6692,0.49632,0.65636,0.063788,0.42446,0.087386,0.66501,0.36481,0.64291,0.37822,0.38033,0.8613,0.2651,0.35601,0.54458,0.90059,0.1307,0.66156,0.60508,0.41165,0.88136,0.75993,0.32288,0.99165,0.10429,0.69453,0.35387,0.9306,0.097483,0.50951,0.28217,0.49536,0.48103,0.021283,0.033339,0.00079307,0.54403,0.72324,0.61868,0.46911,0.29151,0.9052,0.29172,0.30403,0.7498,0.023028,0.99506
1,0.66329,0.047734,0.96381,0.93325,0.46866,0.42128,0.22412,0.60789,0.60941,0.24937,0.7219,0.038053,0.86099,0.77906,0.80847,0.58074,0.25139,0.27378,0.68085,0.60147,0.54277,0.64504,0.072934,0.94297,0.75363,0.93441,0.056422,0.56054,0.51786,0.59231,0.45145,0.023246,0.088682,0.77447,0.20039,0.22388,0.36524,0.41364,0.74134,0.20263,0.56065,0.27121,0.81343,0.45062,0.58917,0.64356,0.17373,0.030345,0.098193,0.071034
1,0.1445,0.030387,0.99617,0.35716,0.84611,0.50092,0.38392,0.078562,0.14756,0.33908,0.96269,0.72391,0.91164,0.30308,0.86829,0.61542,0.46858,0.72689,0.89374,0.20636,0.26696,0.67536,0.032196,0.64982,0.16024,0.82832,0.58772,0.87974,0.47802,0.22897,0.54207,0.86236,0.32321,0.59037,0.58735,0.91341,0.4338,0.88419,0.20595,0.77433,0.3872,0.2421,0.6474,0.68477,0.30202,0.47389,0.38056,0.11135,0.61389,0.3876
1,0.039452,0.59244,0.59791,0.17855,0.13881,0.095737,0.92993,0.31316,0.5647,0.77948,0.096888,0.53586,0.36881,0.65428,0.9483,0.50578,0.94871,0.74954,0.70438,0.65731,0.43619,0.75181,0.49118,0.04714,0.17002,0.2626,0.46543,0.57877,0.28,0.72657,0.7862,0.44647,0.33551,0.19028,0.1657,0.045704,0.85366,0.15129,0.017781,0.60265,0.73092,0.62884,0.52582,0.50857,0.30386,0.78367,0.47052,0.30894,0.38698,0.36812
1,0.95033,0.97426,0.56575,0.79076,0.27383,0.49621,0.86465,0.26518,0.45517,0.13243,0.88611,0.31438,0.66904,0.57672,0.52466,0.26825,0.89202,0.41841,0.95392,0.73244,0.84621,0.2429,0.46128,0.41691,0.21432,0.9449,0.038938,0.43171,0.50713,0.51721,0.64993,0.51354,0.65505,0.53918,0.4043,0.93008,0.52811,0.23413,0.11477,0.13622,0.0748,0.17008,0.76156,0.025637,0.12482,0.85941,0.31211,0.7983,0.66648,0.088465
1,0.63982,0.56225,0.60675,0.68187,0.66517,0.71889,0.83354,0.019923,0.67022,0.81521,0.17568,0.063338,0.28204,0.46597,0.074736,0.33299,0.95764,0.39772,0.0065623,0.30122,0.99669,0.92779,0.69423,0.37633,0.59153,0.86407,0.50003,0.65985,0.53417,0.30896,0.60071,0.54478,0.87291,0.73833,0.12765,0.17616,0.85223,0.077968,0.62156,0.46291,0.95594,0.5836,0.061996,0.58947,0.041289,0.69776,0.056853,0.031842,0.55365,0.38027
1,0.85767,0.62325,0.31926,0.93607,0.73615,0.72569,0.95251,0.9159,0.11792,0.97097,0.242,0.22316,0.43576,0.41087,0.86911,0.60874,0.20636,0.17284,0.89051,0.35404,0.31103,0.66319,0.55064,0.061553,0.48052,0.41776,0.0068857,0.26687,0.85018,0.62492,0.99124,0.068925,0.35107,0.94488,0.91673,0.11442,0.37309,0.30247,0.75258,0.0019645,0.48269,0.81832,0.59997,0.32891,0.71285,0.55031,0.70643,0.7815,0.39471,0.73263
1,0.95869,0.41699,0.73373,0.80167,0.32543,0.41931,0.24479,0.49837,0.97914,0.81436,0.30427,0.98363,0.79057,0.16676,0.43901,0.94017,0.55803,0.47593,0.78611,0.48893,0.28317,0.17821,0.58071,0.034045,0.50168,0.59415,0.88768,0.37375,0.68651,0.98743,0.1264,0.29307,0.0091309,0.42852,0.16578,0.3976,0.43079,0.40709,0.7381,0.91207,0.17294,0.29658,0.52919,0.62202,0.43663,0.23427,0.27851,0.85422,0.58415,0.8063
1,0.084666,0.9473,0.061043,0.28265,0.50218,0.64431,0.84621,0.55348,0.68762,0.36565,0.76305,0.0057359,0.14579,0.42927,0.28733,0.431,0.81273,0.69041,0.57573,0.88064,0.15117,0.10154,0.052877,0.69443,0.18817,0.85858,0.72248,0.14217,0.52806,0.28786,0.82531,0.90679,0.39482,0.44069,0.19686,0.36958,0.024163,0.73381,0.48705,0.52542,0.78509,0.12317,0.81201,0.35552,0.73219,0.098129,0.039253,0.74672,0.29627,0.34498
1,0.57108,0.065518,0.23213,0.89304,0.1683,0.84151,0.51099,0.25762,0.67492,0.50622,0.9077,0.10292,0.48784,0.38311,0.39131,0.91918,0.92544,0.12115,0.68403,0.78723,0.96455,0.73569,0.93243,0.46611,0.2712,0.2475,0.20606,0.11316,0.17752,0.55651,0.40078,0.79019,0.019123,0.039432,0.90205,0.025076,0.63233,0.8096,0.74583,0.35555,0.64014,0.26041,0.45494,0.012288,0.30207,0.42914,0.2712,0.90764,0.89829,0.0031691
1,0.2907,0.43439,0.95179,0.32765,0.9014,0.91747,0.79653,0.60734,0.1299,0.073783,0.77591,0.50023,0.32854,0.002022,0.82457,0.77802,0.33017,0.40651,0.21651,0.43741,0.19833,0.20976,0.51557,0.072636,0.88974,0.77002,0.64251,0.67397,0.64413,0.73687,0.89847,0.41003,0.49247,0.85547,0.59231,0.024884,0.3609,0.31298,0.081462,0.89923,0.081134,0.99437,0.53034,0.46764,0.80223,0.1764,0.19465,0.8748,0.19102,0.70581
1,0.17124,0.67575,0.50508,0.83508,0.78547,0.67121,0.11799,0.39638,0.73021,0.38897,0.17155,0.017162,0.70512,0.28977,0.055168,0.54313,0.03979,0.14086,0.52482,0.44384,0.47773,0.87891,0.34724,0.6229,0.94536,0.045018,0.59527,0.021964,0.54865,0.91677,0.62105,0.45853,0.68775,0.7236,0.40272,0.50098,0.20328,0.90087,0.38157,0.057773,0.13196,0.081452,0.24137,0.22232,0.56771,0.26897,0.97587,0.26859,0.94639,0.70016
1,0.89157,0.68973,0.70662,0.18141,0.30324,0.56767,0.87713,0.60864,0.92108,0.84331,0.52147,0.53584,0.76706,0.34422,0.28012,0.10755,0.94744,0.77069,0.45517,0.92511,0.71418,0.098064,0.17973,0.45356,0.64606,0.20222,0.66257,0.38594,0.4358,0.46298,0.063402,0.54237,0.74385,0.93157,0.99076,0.68373,0.11875,0.88425,0.50847,0.18015,0.089914,0.69842,0.48505,0.6296,0.36314,0.22131,0.70072,0.91139,0.88821,0.5869
1,0.77586,0.23942,0.20981,0.46435,0.43592,0.096598,0.72422,0.36933,0.77693,0.27105,0.64697,0.5262,0.17774,0.19516,0.71115,0.16139,0.012169,0.64842,0.74796,0.61407,0.33056,0.88252,0.18929,0.84304,0.14775,0.4073,0.93199,0.73717,0.44024,0.30212,0.56218,0.6055,0.79247,0.23731,0.5942,0.48343,0.45636,0.63397,0.4043,0.49537,0.89676,0.77489,0.24558,0.52829,0.92492,0.10586,0.80152,0.76311,0.76944,0.33289
1,0.15788,0.58899,0.94861,0.75167,0.48446,0.37002,0.35699,0.84139,0.53552,0.74669,0.3772,0.10178,0.025473,0.99714,0.0075277,0.1856,0.25882,0.58496,0.34741,0.20617,0.37162,0.22218,0.091517,0.80576,0.16139,0.046153,0.1776,0.95357,0.67994,0.79818,0.9539,0.99515,0.53232,0.11979,0.36522,0.77855,0.033591,0.12252,0.88204,0.53921,0.90284,0.21744,0.0023009,0.45084,0.22851,0.35545,0.60468,0.67386,0.75589,0.41717
1,0.28683,0.39715,0.17678,0.74448,0.72776,0.21577,0.96252,0.81817,0.35649,0.28844,0.011124,0.11786,0.38447,0.64534,0.59146,0.57958,0.59342,0.70493,0.61498,0.69336,0.66543,0.96758,0.056366,0.81806,0.28117,0.17265,0.78427,0.1621,0.0025801,0.49356,0.021566,0.53433,0.46479,0.57778,0.35019,0.85318,0.39901,0.14817,0.81549,0.73153,0.97964,0.68414,0.45713,0.18391,0.17383,0.2458,0.90584,0.52244,0.16938,0.52408
1,0.63743,0.69373,0.38259,0.34653,0.95589,0.45474,0.93974,0.6382,0.49463,0.19647,0.33994,0.85147,0.61873,0.7172,0.78285,0.00060149,0.98478,0.59555,0.3901,0.92475,0.58386,0.095493,0.87748,0.98234,0.86492,0.52675,0.096762,0.96123,0.40425,0.5333,0.26493,0.82233,0.92904,0.67156,0.56426,0.38949,0.12295,0.64236,0.72678,0.25969,0.89364,0.31481,0.80395,0.096123,0.87847,0.78102,0.43945,0.3793,0.95485,0.65808
1,0.18661,0.75727,0.51322,0.15895,0.82186,0.33275,0.23313,0.099878,0.92908,0.68237,0.67413,0.74625,0.16622,0.95423,0.26174,0.38865,0.90582,0.34724,0.37871,0.95239,0.18903,0.49297,0.061967,0.18579,0.69089,0.97243,0.82553,0.29272,0.051549,0.81567,0.91484,0.36851,0.23454,0.050795,0.76601,0.63793,0.13611,0.59631,0.65882,0.41902,0.71625,0.53771,0.45078,0.13125,0.73206,0.38103,0.19414,0.76428,0.41731,0.61766
1,0.96026,0.65357,0.33205,0.52992,0.57095,0.92864,0.068794,0.71005,0.426,0.3455,0.32439,0.56132,0.84101,0.78205,0.34648,0.3159,0.86817,0.20326,0.30219,0.38433,0.1196,0.82404,0.84128,0.34832,0.86227,0.91645,0.44292,0.89321,0.92936,0.46053,0.88767,0.93191,0.90796,0.85578,0.02719,0.73381,0.43201,0.72435,0.89609,0.77057,0.32792,0.24822,0.74354,0.27517,0.82312,0.12295,0.26314,0.76255,0.44502,0.77675
1,0.85257,0.44179,0.39176,0.48455,0.99195,0.18978,0.47267,0.24388,0.67212,0.95175,0.41849,0.63357,0.70934,0.53581,0.01699,0.60949,0.96766,0.089076,0.64987,0.17292,0.7574,0.62724,0.57544,0.17511,0.44493,0.71031,0.95065,0.97351,0.43354,0.054883,0.20148,0.64832,0.79776,0.47181,0.87507,0.19621,0.55501,0.69133,0.52948,0.47772,0.29065,0.9638,0.86833,0.32748,0.82832,0.13476,0.26868,0.61116,0.078015,0.91934
1,0.28381,0.73045,0.16438,0.6537,0.40737,0.63411,0.52003,0.41075,0.62518,0.80166,0.52044,0.84706,0.25059,0.10733,0.80317,0.77751,0.21087,0.29669,0.28094,0.50728,0.6264,0.51857,0.72428,0.2485,0.76276,0.91165,0.98193,0.56845,0.52544,0.98191,0.78369,0.88952,0.24362,0.75052,0.71796,0.069135,0.58683,0.62946,0.81829,0.2018,0.59718,0.55806,0.98604,0.36724,0.019329,0.43399,0.118,0.64974,0.05532,0.40896
1,0.38494,0.25542,0.99204,0.40269,0.8678,0.068802,0.85228,0.99348,0.30473,0.34742,0.27932,0.48446,0.10035,0.65004,0.97777,0.24642,0.75265,0.30411,0.97619,0.3626,0.63568,0.40461,0.54425,0.96016,0.6587,0.59838,0.061757,0.8695,0.045489,0.71219,0.39968,0.34114,0.29536,0.84442,0.65358,0.26221,0.025587,0.31657,0.4137,0.30303,0.65035,0.73536,0.80145,0.42065,0.28685,0.48728,0.6896,0.51359,0.82662,0.037826
1,0.70486,0.011958,0.31914,0.49295,0.36578,0.94473,0.35742,0.99631,0.96376,0.14041,0.067001,0.21863,0.30482,0.50445,0.74374,0.82988,0.89647,0.15218,0.56329,0.36127,0.32178,0.45272,0.16251,0.058353,0.45867,0.12547,0.60722,0.12929,0.31925,0.81747,0.48674,0.92269,0.72493,0.86783,0.44648,0.86608,0.57311,0.005666,0.070173,0.90687,0.23084,0.98358,0.15502,0.20331,0.49741,0.93656,0.8196,0.81198,0.94009,0.1939
1,0.17107,0.88328,0.78009,0.77875,0.53242,0.66942,0.2878,0.87024,0.45319,0.9769,0.31795,0.088404,0.16495,0.55408,0.58251,0.49006,0.40077,0.54547,0.12227,0.33571,0.20234,0.81683,0.24859,0.00032327,0.66761,0.54199,0.13817,0.70252,0.46475,0.18,0.87692,0.98699,0.61994,0.30739,0.60104,0.427,0.10183,0.26811,0.27812,0.35424,0.99896,0.81871,0.6545,0.21671,0.56755,0.37883,0.36083,0.9241,0.12299,0.93234
1,0.52313,0.11392,0.70516,0.16926,0.55623,0.16643,0.74368,0.099723,0.36505,0.8266,0.41059,0.39189,0.10378,0.69796,0.96683,0.57571,0.7149,0.62582,0.70238,0.39167,0.10222,0.25629,0.60688,0.54894,0.99097,0.6854,0.14121,0.5782,0.92556,0.71929,0.4824,0.33688,0.60743,0.574,0.92962,0.46657,0.90712,0.72537,0.096262,0.3634,0.056671,0.47512,0.85108,0.31356,0.35502,0.98384,0.97356,0.16632,0.83597,0.9899
1,0.37653,0.66036,0.36242,0.93356,0.26732,0.45927,0.86948,0.10253,0.61776,0.3505,0.0064058,0.62193,0.49314,0.13592,0.87374,0.87232,0.30431,0.79143,0.53079,0.95724,0.46726,0.55089,0.63081,0.59077,0.50919,0.11507,0.26951,0.94215,0.06856,0.011184,0.43148,0.59,0.14434,0.73721,0.79782,0.33726,0.040599,0.23333,0.72657,0.61221,0.89466,0.26451,0.89712,0.038177,0.43027,0.58358,0.84918,0.79383,0.41235,0.16238
1,0.9914,0.81864,0.95734,0.8813,0.34645,0.7588,0.4587,0.86772,0.017787,0.40088,0.44827,0.78758,0.025082,0.81285,0.9092,0.86097,0.20806,0.17872,0.45683,0.08811,0.13099,0.22758,0.12196,0.26327,0.34357,0.070957,0.018065,0.088186,0.53703,0.77216,0.22825,0.12873,0.50519,0.20123,0.37532,0.91154,0.78747,0.99735,0.49804,0.31178,0.97037,0.58727,0.27764,0.031379,0.49841,0.077648,0.92933,0.039252,0.8971,0.55604
1,0.96687,0.22792,0.22509,0.73275,0.77728,0.67229,0.21588,0.57139,0.56223,0.94824,0.30384,0.45848,0.049551,0.055295,0.4366,0.0082827,0.26991,0.95112,0.12042,0.95973,0.35788,0.63474,0.35508,0.9627,0.36828,0.070829,0.62607,0.5146,0.50405,0.063649,0.32384,0.78929,0.03161,0.27566,0.1886,0.79542,0.47784,0.077152,0.56878,0.41226,0.39827,0.50418,0.86176,0.971,0.38887,0.97915,0.75033,0.83824,0.68383,0.51227
1,0.4656,0.13213,0.59283,0.4558,0.91634,0.60219,0.86541,0.73863,0.96003,0.11936,0.77124,0.15091,0.073642,0.044145,0.73501,0.19362,0.48213,0.11194,0.096822,0.14734,0.60475,0.64315,0.60862,0.31082,0.86596,0.78287,0.50218,0.84289,0.27089,0.093403,0.43515,0.47185,0.49507,0.079304,0.049001,0.35421,0.16378,0.37734,0.65926,0.53907,0.64425,0.052365,0.63233,0.1566,0.7833,0.41192,0.60071,0.69695,0.087073,0.27879
1,0.27376,0.51648,0.49077,0.37554,0.17566,0.229,0.038232,0.96385,0.023057,0.25852,0.41874,0.64791,0.33873,0.36257,0.36721,0.72134,0.50449,0.77564,0.13286,0.17876,0.48039,0.56249,0.5015,0.23488,0.80446,0.30049,0.31305,0.2578,0.014211,0.51804,0.96321,0.23657,0.42608,0.4534,0.22904,0.44162,0.66173,0.69718,0.34286,0.32494,0.68746,0.59873,0.27275,0.14442,0.4683,0.96074,0.054815,0.06925,0.75615,0.73133
1,0.2999,0.93237,0.19727,0.33957,0.094174,0.61802,0.43144,0.23521,0.7857,0.94959,0.65863,0.70743,0.6987,0.9713,0.83925,0.92011,0.73865,0.61176,0.52162,0.8093,0.17146,0.65376,0.029857,0.81166,0.64285,0.60958,0.098257,0.79857,0.16715,0.89792,0.3567,0.72426,0.65556,0.41839,0.89463,0.49201,0.38794,0.63832,0.53058,0.48387,0.74914,0.080031,0.92552,0.32789,0.074829,0.031454,0.7328,0.20753,0.053272,0.55733
1,0.061934,0.41799,0.64165,0.69396,0.88434,0.40102,0.78806,0.70543,0.9836,0.38068,0.76444,0.40158,0.12835,0.18416,0.082554,0.21536,0.67791,0.13168,0.333,0.48998,0.78333,0.61305,0.037677,0.50536,0.95844,0.62274,0.61006,0.21249,0.082174,0.4805,0.22632,0.36224,0.30921,0.093535,0.43561,0.88792,0.13107,0.25705,0.73524,0.4482,0.49849,0.56694,0.023682,0.27001,0.40158,0.35865,0.71081,0.89454,0.70548,0.4208
1,0.27044,0.48342,0.69166,0.59725,0.80997,0.59451,0.7701,0.78908,0.90622,0.22103,0.73551,0.3573,0.82696,0.68242,0.84312,0.44234,0.38265,0.66506,0.71965,0.96759,0.48859,0.72589,0.11618,0.29534,0.89227,0.73668,0.39664,0.60156,0.32439,0.53599,0.14095,0.5847,0.56651,0.95244,0.70493,0.98483,0.5867,0.3109,0.19269,0.45448,0.022308,0.28507,0.29857,0.898,0.38669,0.28149,0.4513,0.34765,0.067632,0.79511
1,0.52701,0.49682,0.50539,0.040669,0.99909,0.52249,0.83141,0.87882,0.80899,0.47039,0.72487,0.48127,0.53965,0.16293,0.53314,0.15763,0.22025,0.032927,0.18868,0.54867,0.81114,0.53858,0.68364,0.15427,0.19183,0.69098,0.65922,0.90654,0.85153,0.61786,0.77078,0.94774,0.84461,0.8935,0.33298,0.77845,0.48018,0.27414,0.33349,0.39797,0.55529,0.99629,0.051733,0.98368,0.83868,0.8501,0.28612,0.92786,0.92864,0.01078
1,0.45647,0.36535,0.52112,0.94307,0.61355,0.27071,0.67794,0.011697,0.93168,0.71506,0.38679,0.68942,0.39713,0.35627,0.67063,0.21972,0.49454,0.34673,0.2267,0.92343,0.59192,0.41782,0.16306,0.45071,0.73311,0.70766,0.35697,0.49981,0.85169,0.29831,0.71463,0.26919,0.092702,0.45838,0.085164,0.68293,0.68277,0.85419,0.52146,0.014167,0.76369,0.90278,0.16945,0.69861,0.99367,0.48779,0.50174,0.93087,0.19508,0.60467
1,0.2058,0.1198,0.45685,0.56849,0.31549,0.26924,0.071034,0.15236,0.94434,0.44031,0.025055,0.66261,0.60242,0.48186,0.0084691,0.62637,0.99284,0.69071,0.18322,0.61889,0.8636,0.045738,0.75419,0.95133,0.60797,0.11418,0.26859,0.97514,0.12544,0.36633,0.078856,0.72184,0.98672,0.0096067,0.31549,0.92757,0.83556,0.59797,0.51928,0.85587,0.30983,0.31526,0.82783,0.69711,0.76648,0.96571,0.13713,0.63831,0.60218,0.22128
1,0.33092,0.24581,0.44815,0.90588,0.65752,0.19052,0.26387,0.8062,0.53286,0.30396,0.8729,0.69997,0.76012,0.68829,0.8902,0.6051,0.72556,0.45934,0.64253,0.46304,0.0092833,0.74648,0.76458,0.67771,0.53213,0.1319,0.80421,0.89335,0.039931,0.82399,0.51034,0.45575,0.57005,0.94033,0.0041797,0.28088,0.0072255,0.5017,0.05011,0.66626,0.41471,0.2262,0.28065,0.21665,0.53006,0.58213,0.46165,0.14804,0.97575,0.73356
1,0.60129,0.6539,0.38907,0.76902,0.5493,0.76459,0.80253,0.63727,0.28031,0.84103,0.8539,0.88587,0.80814,0.073491,0.62433,0.73653,0.30083,0.031298,0.8616,0.23147,0.85847,0.24731,0.061397,0.86521,0.62305,0.94553,0.73656,0.96452,0.066702,0.86528,0.78395,0.72899,0.28717,0.81981,0.53519,0.54391,0.13369,0.20366,0.5058,0.8867,0.4722,0.20135,0.026799,0.86389,0.52113,0.12736,0.55512,0.55708,0.087277,0.7535
1,0.088487,0.16607,0.43581,0.85764,0.71508,0.052588,0.46749,0.51398,0.032744,0.75545,0.48132,0.3086,0.98248,0.86928,0.46081,0.43807,0.074639,0.87465,0.33631,0.71793,0.9966,0.32228,0.4787,0.63583,0.70204,0.83892,0.17776,0.62082,0.94966,0.074473,0.14579,0.29651,0.8879,0.74932,0.30313,0.2492,0.68275,0.82181,0.52739,0.8841,0.71811,0.83308,0.49946,0.24904,0.5834,0.67237,0.25604,0.90589,0.9973,0.28523
1,0.18074,0.29021,0.33095,0.57964,0.19215,0.0314,0.16494,0.80929,0.68279,0.05803,0.35663,0.81541,0.56125,0.69644,0.86602,0.10606,0.60775,0.85974,0.20237,0.11817,0.93937,0.86256,0.69731,0.36005,0.76191,0.69026,0.30374,0.6531,0.18786,0.89848,0.51021,0.98454,0.64208,0.20231,0.9982,0.87389,0.64533,0.54357,0.5602,0.69426,0.9901,0.86215,0.50741,0.45435,0.12618,0.51695,0.74277,0.28742,0.040043,0.18869
1,0.069881,0.75237,0.22296,0.60978,0.19194,0.51,0.79657,0.14178,0.42723,0.71879,0.90046,0.98817,0.94179,0.57228,0.31608,0.091657,0.072572,0.80242,0.95036,0.42851,0.84825,0.56768,0.66909,0.60287,0.6586,0.94946,0.16075,0.044028,0.096102,0.14438,0.7816,0.24211,0.80433,0.11019,0.56855,0.55077,0.47035,0.20615,0.13179,0.090971,0.23106,0.42496,0.43417,0.39162,0.18447,0.45097,0.4495,0.3084,0.62811,0.56707
1,0.60242,0.14599,0.14074,0.79674,0.11635,0.7391,0.49526,0.15853,0.51664,0.50421,0.80852,0.22877,0.74247,0.5278,0.72421,0.98699,0.69883,0.54361,0.85868,0.46007,0.43739,0.17964,0.043385,0.52317,0.62082,0.21552,0.4896,0.83055,0.54605,0.67206,0.62891,0.15801,0.019867,0.84422,0.43769,0.70363,0.09861,0.6143,0.4686,0.11557,0.63817,0.86361,0.42313,0.12908,0.091595,0.12229,0.087913,0.77489,0.80537,0.89053
1,0.71272,0.61032,0.24896,0.37421,0.53632,0.32208,0.67163,0.40393,0.65184,0.61206,0.117,0.79241,0.36185,0.50646,0.8814,0.27214,0.78303,0.079889,0.065734,0.62601,0.85788,0.57368,0.50324,0.62428,0.2203,0.12975,0.43971,0.51996,0.55562,0.83346,0.51013,0.80299,0.45442,0.35609,0.67361,0.63872,0.87111,0.1434,0.54173,0.33984,0.75838,0.80686,0.78934,0.52744,0.11613,0.42499,0.0079791,0.22308,0.8143,0.06552
1,0.99603,0.07837,0.56723,0.7232,0.44679,0.77133,0.14359,0.21027,0.53609,0.018346,0.22563,0.67388,0.58017,0.87121,0.7128,0.89654,0.78056,0.96714,0.88373,0.5408,0.61595,0.87394,0.12989,0.33109,0.91332,0.67696,0.41533,0.93136,0.4076,0.70458,0.22621,0.046824,0.99856,0.15865,0.55088,0.064882,0.39116,0.31601,0.030023,0.050312,0.14125,0.72111,0.15289,0.42814,0.43764,0.85809,0.56596,0.91887,0.45113,0.79361
1,0.88939,0.48993,0.068949,0.24774,0.89559,0.43156,0.21926,0.071972,0.64771,0.056781,0.52833,0.88958,0.45898,0.28788,0.88461,0.91507,0.78323,0.051932,0.18408,0.36246,0.872,0.4178,0.77576,0.81649,0.28677,0.31809,0.66872,0.20561,0.26586,0.19794,0.3767,0.23509,0.62696,0.79794,0.52032,0.63261,0.76425,0.018609,0.65317,0.67746,0.87262,0.31572,0.99062,0.32925,0.087702,0.71886,0.93721,0.55216,0.74994,0.50665
1,0.59849,0.50454,0.37185,0.582,0.016348,0.53116,0.93609,0.13288,0.25498,0.7258,0.69854,0.29099,0.11624,0.59689,0.99853,0.22809,0.49502,0.95042,0.097931,0.68317,0.48841,0.38617,0.0032849,0.0038957,0.74795,0.65371,0.13162,0.46024,0.81586,0.16016,0.83027,0.6585,0.94195,0.69247,0.41262,0.64923,0.081241,0.75234,0.85391,0.98045,0.26039,0.84976,0.56719,0.37057,0.75206,0.91403,0.87665,0.018041,0.40897,0.070726
1,0.49503,0.93805,0.57417,0.019687,0.11992,0.92726,0.73764,0.24884,0.90558,0.092312,0.81749,0.084407,0.07545,0.9566,0.3581,0.87653,0.6909,0.95287,0.061143,0.64214,0.78041,0.82991,0.34532,0.90625,0.18202,0.95431,0.9228,0.45353,0.69215,0.7582,0.96453,0.19648,0.41378,0.7194,0.77485,0.12519,0.30249,0.19748,0.56285,0.85621,0.72183,0.88211,0.84415,0.63246,0.3358,0.40894,0.16644,0.29979,0.094458,0.14114
1,0.46831,0.43122,0.41455,0.44275,0.37652,0.13296,0.68242,0.10087,0.4385,0.96386,0.89864,0.10511,0.11812,0.16625,0.034817,0.60526,0.72769,0.16856,0.5291,0.26692,0.71068,0.23481,0.22701,0.2042,0.09398,0.93777,0.095774,0.32058,0.53562,0.94691,0.53654,0.48729,0.48373,0.27974,0.12426,0.44371,0.34847,0.11775,0.76178,0.14031,0.52089,0.13255,0.87377,0.94114,0.52112,0.72505,0.97613,0.22727,0.93744,0.070886
1,0.46125,0.67718,0.56187,0.26922,0.89113,0.16757,0.17431,0.55942,0.051998,0.044744,0.92904,0.90516,0.86191,0.094518,0.02349,0.020897,0.54673,0.38373,0.93345,0.50232,0.40563,0.012242,0.11663,0.54925,0.43965,0.93421,0.77143,0.1016,0.92346,0.38781,0.17911,0.721,0.72425,0.67239,0.24543,0.24735,0.28274,0.44223,0.94458,0.32233,0.6191,0.39285,0.50336,0.10492,0.94685,0.59105,0.46851,0.50697,0.92329,0.94226
1,0.22317,0.43974,0.49283,0.76598,0.66155,0.19533,0.82841,0.15895,0.064483,0.18053,0.80991,0.97576,0.95485,0.25785,0.66497,0.70352,0.54249,0.55479,0.83185,0.068205,0.15006,0.62738,0.17665,0.82806,0.19609,0.90313,0.75316,0.83623,0.040258,0.41727,0.96051,0.3254,0.52293,0.21463,0.67961,0.89841,0.02298,0.39621,0.63171,0.94578,0.092351,0.56997,0.53968,0.95109,0.24388,0.35646,0.50865,0.019327,0.498,0.94423
1,0.73273,0.81699,0.14794,0.49912,0.1505,0.34634,0.063399,0.036292,0.14779,0.19887,0.39275,0.32728,0.88535,0.13861,0.33734,0.48622,0.9016,0.3203,0.31081,0.71563,0.20782,0.30492,0.64651,0.37902,0.43473,0.48287,0.42882,0.40179,0.1886,0.45257,0.11635,0.60467,0.78352,0.44732,0.5465,0.63001,0.25928,0.64347,0.36681,0.64115,0.15621,0.98726,0.81397,0.57235,0.66321,0.19049,0.21758,0.84508,0.15855,0.41143
1,0.57435,0.16889,0.26846,0.60444,0.074337,0.94614,0.49676,0.34811,0.1024,0.43029,0.23273,0.46481,0.34739,0.65332,0.12956,0.79406,0.43293,0.97553,0.56105,0.99782,0.66605,0.10713,0.11926,0.66983,0.71058,0.19676,0.56219,0.21859,0.88906,0.17382,0.9549,0.75192,0.76645,0.74811,0.50594,0.058044,0.34603,0.16917,0.89174,0.42621,0.72918,0.86212,0.94701,0.62556,0.26119,0.6064,0.76664,0.84534,0.98695,0.98911
1,0.091314,0.097445,0.74486,0.5595,0.90605,0.11829,0.51034,0.71117,0.58019,0.96721,0.47059,0.45995,0.42212,0.023286,0.65718,0.95156,0.90861,0.27746,0.12481,0.22517,0.79565,0.85472,0.32291,0.66294,0.76089,0.72738,0.3944,0.069167,0.089558,0.32614,0.39638,0.48803,0.73013,0.83235,0.3951,0.95199,0.41777,0.81824,0.22563,0.98057,0.60163,0.88515,0.51803,0.54183,0.74805,0.76389,0.316,0.41554,0.49354,0.48584
1,0.75596,0.34588,0.17336,0.30143,0.88818,0.96086,0.058908,0.6997,0.8538,0.41894,0.87338,0.81005,0.69288,0.41765,0.52903,0.3451,0.68092,0.72783,0.44703,0.69325,0.62162,0.48755,0.26066,0.31659,0.45448,0.98762,0.75895,0.94076,0.48111,0.26527,0.76412,0.37086,0.71091,0.75904,0.59903,0.14827,0.65472,0.48577,0.59627,0.84634,0.15057,0.1897,0.94486,0.88825,0.35853,0.55873,0.55053,0.98099,0.29417,0.28237
1,0.14178,0.73753,0.11623,0.965,0.49939,0.038596,0.28783,0.34175,0.68326,0.83571,0.86365,0.24057,0.05899,0.12637,0.18617,0.9134,0.18413,0.92282,0.76686,0.76716,0.44023,0.9667,0.70179,0.82217,0.23865,0.41956,0.71907,0.093711,0.50745,0.48909,0.47364,0.27466,0.568,0.17803,0.29964,0.80816,0.43463,0.18156,0.57379,0.45995,0.82245,0.42346,0.40303,0.12236,0.5463,0.4626,0.92652,0.29775,0.85176,0.61988
1,0.09083,0.91333,0.069847,0.46257,0.028888,0.92556,0.71022,0.34731,0.54525,0.16166,0.77145,0.1986,0.6835,0.38916,0.24808,0.11311,0.45185,0.42235,0.037079,0.055697,0.45093,0.29665,0.17746,0.65406,0.31668,0.12947,0.080665,0.52493,0.41628,0.6917,0.30539,0.71523,0.47553,0.40862,0.14227,0.25953,0.17326,0.38037,0.10854,0.99828,0.72191,0.43905,0.32742,0.34396,0.63678,0.35179,0.28102,0.61004,0.20121,0.9996
1,0.88824,0.21376,0.75838,0.32346,0.83804,0.26637,0.060234,0.29893,0.20748,0.21794,0.92761,0.66589,0.63085,0.30583,0.84555,0.090175,0.75316,0.41572,0.6253,0.12699,0.8238,0.19187,0.70141,0.22215,0.92265,0.44052,0.27002,0.41359,0.64246,0.54024,0.38024,0.59528,0.40673,0.39959,0.63336,0.52181,0.78003,0.35923,0.28446,0.72778,0.14998,0.77258,0.5447,0.21673,0.60891,0.25465,0.80427,0.31104,0.67471,0.58078
1,0.777,0.18197,0.52358,0.88295,0.2629,0.37194,0.51669,0.48222,0.99154,0.70524,0.51061,0.74253,0.64207,0.80294,0.8851,0.91219,0.1502,0.37566,0.51481,0.69057,0.65729,0.66753,0.56043,0.68012,0.11582,0.16068,0.14825,0.1902,0.71507,0.72938,0.48908,0.042918,0.36724,0.58262,0.26502,0.98824,0.095809,0.63128,0.49351,0.92411,0.48308,0.22712,0.4048,0.53649,0.49075,0.085524,0.46745,0.87042,0.1155,0.065193
1,0.94948,0.17213,0.70317,0.074458,0.17106,0.50918,0.087062,0.76501,0.79762,0.10636,0.61073,0.39957,0.91188,0.64332,0.39375,0.95001,0.79865,0.58659,0.082118,0.4211,0.37209,0.084308,0.77264,0.93821,0.37007,0.16739,0.55668,0.19913,0.76095,0.58479,0.64219,0.068367,0.90727,0.45934,0.81882,0.66627,0.071155,0.33595,0.65905,0.22941,0.58646,0.89904,0.4697,0.03257,0.35115,0.96603,0.21189,0.18385,0.38558,0.18261
1,0.24338,0.97282,0.14129,0.17622,0.47468,0.70942,0.57557,0.75585,0.51248,0.2084,0.5135,0.46424,0.86011,0.62571,0.94273,0.49101,0.79591,0.59986,0.36287,0.1165,0.27121,0.30698,0.61056,0.083704,0.43654,0.38882,0.23585,0.03841,0.032618,0.903,0.60399,0.080003,0.34705,0.45745,0.19234,0.091107,0.44477,0.66466,0.47407,0.85125,0.44192,0.35327,0.12865,0.37161,0.040684,0.48386,0.13079,0.20759,0.67771,0.83251
1,0.78798,0.40122,0.38742,0.17807,0.45408,0.76302,0.68386,0.66625,0.33222,0.23239,0.38358,0.92232,0.60555,0.61621,0.42004,0.55084,0.0068468,0.41097,0.12714,0.018053,0.55681,0.15752,0.22818,0.70579,0.4854,0.39525,0.08311,0.68832,0.81124,0.32919,0.26752,0.18726,0.99002,0.77374,0.019008,0.51777,0.44319,0.15031,0.5071,0.72004,0.77587,0.76849,0.52797,0.65905,0.3358,0.99483,0.47592,0.53246,0.67841,0.05682
1,0.40981,0.48119,0.20779,0.52796,0.6206,0.8979,0.45918,0.43625,0.0030965,0.51931,0.75818,0.73,0.52101,0.24133,0.23387,0.54913,0.34567,0.92317,0.57891,0.96397,0.31436,0.69687,0.17257,0.68763,0.8707,0.46919,0.20196,0.012279,0.74727,0.59958,0.7895,0.84585,0.013101,0.22415,0.86674,0.78163,0.38942,0.66182,0.38833,0.13453,0.0089206,0.19396,0.10613,0.62455,0.77208,0.15399,0.7907,0.75021,0.45359,0.47932
1,0.51555,0.88029,0.58994,0.26326,0.45747,0.4858,0.088731,0.91719,0.86125,0.70328,0.065251,0.69942,0.59766,0.9118,0.046277,0.058496,0.88877,0.57707,0.098476,0.4697,0.32405,0.30036,0.10616,0.8389,0.51437,0.91438,0.40692,0.6046,0.64229,0.059601,0.80708,0.25479,0.45135,0.55351,0.25953,0.24932,0.6355,0.59281,0.13916,0.59718,0.70896,0.70038,0.94732,0.09499,0.38551,0.73802,0.17745,0.10677,0.47211,0.8756
1,0.61102,0.28235,0.47263,0.43565,0.67926,0.52824,0.1716,0.65838,0.77481,0.31844,0.42891,0.25734,0.99483,0.32211,0.94295,0.89858,0.18615,0.46248,0.74241,0.86854,0.99591,0.4858,0.38846,0.3777,0.19932,0.42649,0.17452,0.93481,0.33605,0.24872,0.48939,0.34045,0.37315,0.33299,0.2562,0.40597,0.22418,0.5064,0.47194,0.33895,0.55866,0.13208,0.26374,0.50621,0.94839,0.64969,0.25071,0.95312,0.0091953,0.64831
1,0.38809,0.62373,0.94581,0.15235,0.45406,0.87831,0.25282,0.17288,0.48507,0.24085,0.44769,0.97419,0.32368,0.33472,0.39439,0.17681,0.6419,0.97676,0.52134,0.96386,0.40475,0.27842,0.76067,0.43105,0.57938,0.1191,0.064413,0.84631,0.83625,0.24745,0.78831,0.49644,0.62172,0.49238,0.44901,0.79851,0.36242,0.7504,0.20427,0.69776,0.62831,0.0392,0.33101,0.29829,0.063689,0.045376,0.019644,0.70324,0.82004,0.47525
1,0.91357,0.062352,0.60709,0.21647,0.45012,0.49088,0.20558,0.78832,0.20625,0.74057,0.89324,0.72564,0.80101,0.07128,0.90524,0.8468,0.99578,0.77457,0.084396,0.32777,0.77138,0.95759,0.82851,0.86904,0.44967,0.85353,0.86112,0.34329,0.6302,0.0083785,0.22988,0.52692,0.40794,0.2897,0.3948,0.36524,0.27416,0.044788,0.24879,0.73399,0.68959,0.38344,0.80829,0.034674,0.36691,0.91666,0.3126,0.93144,0.29251,0.12434
1,0.80473,0.93684,0.2014,0.28137,0.00098391,0.97269,0.50632,0.67932,0.23644,0.28571,0.66632,0.060835,0.37227,0.65445,0.18956,0.92358,0.353,0.12806,0.52335,0.4908,0.8967,0.12372,0.86076,0.52058,0.68915,0.38127,0.63499,0.42104,0.84103,0.64359,0.25553,0.91439,0.43898,0.93854,0.58619,0.40877,0.86285,0.44409,0.18465,0.6583,0.68078,0.91123,0.60206,0.61278,0.13661,0.096056,0.5917,0.25443,0.39616,0.81024
1,0.381,0.31155,0.88041,0.84768,0.31097,0.64103,0.087658,0.10049,0.96736,0.81687,0.30277,0.059573,0.40963,0.2776,0.10976,0.77802,0.85346,0.084809,0.45875,0.402,0.079826,0.92634,0.65531,0.23924,0.71289,0.27019,0.071916,0.56102,0.64614,0.73966,0.66046,0.73898,0.64265,0.37881,0.77474,0.97498,0.35896,0.86664,0.47308,0.42411,0.43563,0.74806,0.87391,0.34117,0.27526,0.15493,0.0094679,0.59068,0.5668,0.22011
1,0.61676,0.18537,0.60375,0.20091,0.57621,0.46475,0.72299,0.74124,0.77689,0.67549,0.13103,0.34024,0.062892,0.067313,0.79569,0.33898,0.39119,0.61048,0.59888,0.55992,0.72328,0.9059,0.79724,0.010291,0.5066,0.81577,0.12367,0.46596,0.47762,0.021825,0.87006,0.8644,0.52971,0.19058,0.52831,0.68898,0.65493,0.37943,0.057698,0.77868,0.22073,0.078183,0.32935,0.70601,0.34548,0.13345,0.87022,0.61926,0.014638,0.57019
1,0.63039,0.99153,0.38185,0.75133,0.4613,0.066199,0.23989,0.39121,0.94214,0.39775,0.49726,0.16674,0.055505,0.86033,0.63264,0.96609,0.58877,0.34887,0.12329,0.42861,0.59428,0.24069,0.88994,0.55438,0.65188,0.2365,0.64001,0.15115,0.46707,0.27948,0.67937,0.51453,0.56105,0.12507,0.65879,0.41183,0.41606,0.92756,0.44726,0.94126,0.029099,0.7855,0.42311,0.083094,0.43203,0.35395,0.72948,0.5234,0.41063,0.043668
1,0.95379,0.20912,0.31163,0.64945,0.94056,0.86465,0.76746,0.088373,0.36011,0.27104,0.25065,0.99158,0.55312,0.85196,0.43392,0.74856,0.53686,0.74109,0.49152,0.9906,0.046081,0.86863,0.036112,0.12438,0.50129,0.065965,0.25605,0.16698,0.49729,0.004553,0.79223,0.52139,0.44949,0.36818,0.15808,0.31044,0.60561,0.8508,0.43379,0.96124,0.76276,0.52015,0.18512,0.55984,0.37191,0.36563,0.035582,0.94002,0.9173,0.67459
1,0.3599,0.60107,0.9492,0.36655,0.14486,0.63015,0.28064,0.084966,0.19045,0.80206,0.43475,0.36594,0.57556,0.23337,0.16102,0.97058,0.42711,0.71372,0.81394,0.13743,0.58193,0.78987,0.31789,0.0083221,0.71535,0.45604,0.29094,0.20206,0.55483,0.085239,0.16576,0.55035,0.8609,0.37479,0.3976,0.93596,0.51888,0.80925,0.16267,0.70375,0.9276,0.71963,0.14033,0.83618,0.94636,0.13152,0.80907,0.41036,0.77168,0.94449
1,0.72639,0.37637,0.97878,0.88591,0.23902,0.94521,0.68287,0.11923,0.83751,0.51843,0.60605,0.40145,0.95766,0.50616,0.83225,0.7036,0.089781,0.81805,0.3187,0.77886,0.57483,0.17387,0.52006,0.76247,0.9356,0.041808,0.96861,0.72925,0.83456,0.58666,0.86095,0.83539,0.69684,0.43419,0.71512,0.25499,0.10444,0.23196,0.023162,0.73095,0.62772,0.97574,0.9187,0.38543,0.20875,0.53903,0.33263,0.45282,0.52143,0.44466
1,0.66682,0.20846,0.94821,0.47182,0.54175,0.82109,0.27557,0.0056607,0.20468,0.61235,0.43803,0.45995,0.12345,0.61496,0.28311,0.7629,0.48656,0.99484,0.10967,0.80141,0.51769,0.63888,0.64609,0.73756,0.38526,0.68612,0.83568,0.59841,0.26063,0.66965,0.45982,0.5102,0.065359,0.43691,0.55287,0.55349,0.0075183,0.0061557,0.039215,0.77799,0.084068,0.24764,0.10621,0.092314,0.12195,0.078406,0.41773,0.51347,0.39981,0.80145
1,0.70953,0.94021,0.82974,0.27389,0.96475,0.20284,0.90331,0.11227,0.71587,0.66972,0.90672,0.97864,0.2627,0.97953,0.22823,0.21354,0.3765,0.76202,0.58982,0.17571,0.32096,0.56724,0.15781,0.47248,0.59372,0.92729,0.54769,0.69603,0.39285,0.28062,0.58389,0.84401,0.54061,0.74398,0.3036,0.8782,0.90154,0.49032,0.0681,0.093057,0.54512,0.4672,0.68867,0.92535,0.5842,0.21959,0.15659,0.20957,0.40893,0.7318
1,0.96202,0.77004,0.13098,0.35952,0.054761,0.72093,0.40912,0.044713,0.050791,0.99217,0.0692,0.75231,0.45979,0.77484,0.60777,0.33275,0.32321,0.59629,0.54465,0.57913,0.32752,0.15805,0.55327,0.25115,0.21284,0.52705,0.60064,0.24122,0.79592,0.43305,0.37293,0.69996,0.13074,0.23104,0.53532,0.28632,0.8217,0.41292,0.69658,0.84676,0.051088,0.82087,0.096128,0.56989,0.13883,0.1188,0.34916,0.57349,0.4498,0.41008
1,0.83618,0.59973,0.041503,0.39393,0.54756,0.5543,0.053058,0.72219,0.7461,0.22683,0.9081,0.95145,0.54426,0.061438,0.30704,0.084341,0.048218,0.85223,0.71732,0.6672,0.54326,0.4843,0.53081,0.66944,0.90928,0.87144,0.35912,0.87266,0.93936,0.6119,0.80726,0.12074,0.72883,0.68332,0.83044,0.52383,0.94714,0.16598,0.50495,0.94761,0.28539,0.094907,0.72644,0.20409,0.87457,0.34137,0.75683,0.70659,0.050334,0.86129
1,0.54002,0.45499,0.054282,0.62376,0.010583,0.95474,0.62419,0.70368,0.50303,0.17391,0.18377,0.1989,0.73434,0.92963,0.01773,0.36642,0.26986,0.034264,0.96018,0.0082522,0.53706,0.093541,0.84858,0.98187,0.3421,0.16013,0.80668,0.35563,0.74954,0.25206,0.57967,0.66699,0.57431,0.46307,0.93502,0.08153,0.22754,0.38603,0.59376,0.4806,0.014729,0.80239,0.26416,0.74538,0.074276,0.44223,0.99043,0.97679,0.84745,0.18162
1,0.5586,0.66238,0.79544,0.18483,0.82038,0.93358,0.085456,0.11114,0.92854,0.30517,0.65294,0.74197,0.58048,0.58058,0.19578,0.45344,0.23047,0.037259,0.56995,0.61824,0.91227,0.50718,0.033973,0.79922,0.8013,0.29286,0.88411,0.97906,0.58599,0.23214,0.40121,0.535,0.53962,0.60904,0.95331,0.58941,0.71893,0.32948,0.41836,0.3954,0.91013,0.061342,0.68497,0.99291,0.90508,0.69075,0.35733,0.063464,0.17012,0.61361
1,0.10069,0.30117,0.52324,0.90383,0.3713,0.11683,0.52059,0.23691,0.67711,0.027936,0.94561,0.081031,0.69185,0.39172,0.35482,0.7311,0.14908,0.8106,0.43197,0.17196,0.80244,0.43036,0.41972,0.67363,0.55515,0.57217,0.7944,0.60392,0.45849,0.50567,0.37415,0.062801,0.85673,0.032106,0.66839,0.07966,0.92549,0.78187,0.20002,0.92728,0.23048,0.77581,0.30415,0.55326,0.20653,0.4668,0.053663,0.10859,0.40172,0.60115
1,0.54389,0.53945,0.50435,0.4284,0.096821,0.82313,0.0106,0.084628,0.30895,0.47468,0.4689,0.99206,0.38439,0.34473,0.20411,0.75368,0.68975,0.68216,0.45375,0.53744,0.62218,0.98165,0.74881,0.32978,0.89325,0.71649,0.087493,0.87079,0.74667,0.97156,0.1273,0.49942,0.36402,0.6427,0.62496,0.21822,0.68664,0.84507,0.74127,0.11489,0.49026,0.92352,0.76387,0.42718,0.61955,0.12014,0.70383,0.59158,0.63202,0.16446
1,0.96422,0.84777,0.1376,0.046458,0.69692,0.087401,0.16628,0.49882,0.39388,0.045458,0.36915,0.0071124,0.45452,0.42251,0.783,0.63257,0.81762,0.44925,0.62201,0.17894,0.2477,0.2975,0.92168,0.93811,0.68204,0.53865,0.023274,0.82371,0.22943,0.59356,0.11584,0.9332,0.76527,0.36062,0.30763,0.37833,0.14169,0.062,0.45297,0.45329,0.58085,0.79876,0.27177,0.32971,0.98312,0.60493,0.71565,0.95966,0.38224,0.26876
1,0.78984,0.87144,0.71447,0.73479,0.63738,0.083882,0.64268,0.29566,0.023994,0.88462,0.82674,0.91557,0.015564,0.34993,0.14177,0.50692,0.52107,0.0031631,0.1894,0.52538,0.19784,0.96173,0.078364,0.24064,0.28455,0.27365,0.27871,0.85131,0.25939,0.5786,0.057775,0.44573,0.64084,0.087365,0.8402,0.85954,0.70637,0.96073,0.0064455,0.9642,0.39535,0.42602,0.42462,0.35624,0.94844,0.82693,0.014347,0.66839,0.68649,0.76685
1,0.8948,0.35052,0.98962,0.058779,0.93422,0.18041,0.33829,0.24991,0.16636,0.61435,0.061844,0.76548,0.53571,0.67968,0.36201,0.33979,0.0098247,0.24789,0.44974,0.65015,0.63848,0.12954,0.6417,0.9366,0.40469,0.084217,0.21839,0.16927,0.40239,0.4892,0.44633,0.063503,0.35912,0.49788,0.037045,0.99845,0.23369,0.97388,0.86018,0.96598,0.55364,0.64715,0.79885,0.6065,0.6785,0.27499,0.69487,0.068065,0.23201,0.2045
1,0.65483,0.18765,0.411,0.9411,0.61632,0.54136,0.30796,0.42327,0.45432,0.72438,0.18318,0.64169,0.94171,0.031856,0.68238,0.020884,0.61199,0.93792,0.063123,0.34493,0.00029299,0.98624,0.0015612,0.76238,0.51573,0.53564,0.5956,0.11719,0.26553,0.88417,0.71163,0.53265,0.1726,0.94724,0.70954,0.74637,0.89542,0.37878,0.41311,0.73491,0.019965,0.00040265,0.30345,0.42438,0.5701,0.42709,0.47015,0.88827,0.059428,0.69641
1,0.40727,0.64108,0.87315,0.58786,0.46436,0.35856,0.55679,0.57987,0.74604,0.45573,0.31757,0.51242,0.49056,0.14954,0.57604,0.98917,0.65187,0.84168,0.2932,0.61806,0.47726,0.59571,0.088992,0.93247,0.57126,0.54677,0.9927,0.46306,0.55131,0.10737,0.65669,0.060807,0.82377,0.58095,0.064121,0.60657,0.094089,0.11293,0.58927,0.4611,0.11099,0.93514,0.33145,0.05899,0.50917,0.13216,0.42073,0.58337,0.91865,0.88499
1,0.43199,0.36437,0.50453,0.17092,0.24944,0.19376,0.35224,0.32653,0.92453,0.083292,0.9921,0.87958,0.83276,0.36103,0.65311,0.43072,0.27713,0.37396,0.83648,0.7979,0.79541,0.73896,0.34432,0.66788,0.35322,0.22784,0.93757,0.95713,0.58912,0.8112,0.88609,0.84968,0.47853,0.5277,0.29722,0.75503,0.83746,0.49528,0.83409,0.408,0.52105,0.84944,0.83721,0.21385,0.30363,0.75041,0.18553,0.023559,0.35566,0.25016
1,0.015014,0.34586,0.81753,0.89424,0.15301,0.52666,0.46869,0.3777,0.18383,0.47267,0.54699,0.45475,0.81064,0.43064,0.10344,0.30261,0.9388,0.50902,0.1558,0.52198,0.48184,0.93859,0.97329,0.28818,0.15437,0.33278,0.96455,0.87083,0.12314,0.53364,0.73588,0.43973,0.75118,0.82151,0.61714,0.1136,0.39071,0.62198,0.80559,0.96677,0.22236,0.46489,0.17516,0.86255,0.63225,0.98706,0.56518,0.32201,0.66241,0.29853
1,0.12603,0.084097,0.32655,0.63018,0.51888,0.77282,0.32069,0.6308,0.23215,0.64914,0.078625,0.27074,0.7016,0.99474,0.25925,0.80138,0.89651,0.37584,0.47215,0.91693,0.017313,0.16196,0.10409,0.01066,0.16533,0.43928,0.54911,0.85006,0.26342,0.99204,0.71122,0.99331,0.96159,0.42412,0.67856,0.51242,0.96622,0.23531,0.28536,0.48491,0.98072,0.25805,0.036184,0.48432,0.18253,0.41135,0.65749,0.16018,0.47408,0.061986
1,0.52946,0.39559,0.63038,0.44824,0.87689,0.67113,0.051537,0.32491,0.54971,0.99428,0.19988,0.46959,0.93467,0.88348,0.92959,0.87969,0.58497,0.4969,0.63374,0.19399,0.55637,0.16781,0.19323,0.48138,0.001952,0.69643,0.91238,0.97356,0.070848,0.83346,0.17362,0.44705,0.31238,0.012576,0.82837,0.27442,0.43553,0.99275,0.70583,0.54959,0.50709,0.27072,0.76181,0.8927,0.795,0.92279,0.20352,0.39027,0.54461,0.78437
1,0.6984,0.92503,0.26708,0.97189,0.40568,0.60282,0.58967,0.21684,0.42,0.31577,0.61017,0.13117,0.19171,0.84616,0.87979,0.70006,0.86987,0.38783,0.83193,0.1257,0.72901,0.090079,0.16483,0.52095,0.63513,0.4257,0.63112,0.64635,0.81628,0.14772,0.42647,0.39344,0.12312,0.65017,0.40161,0.41001,0.14594,0.88546,0.47201,0.15186,0.88378,0.23883,0.80461,0.7583,0.14259,0.92507,0.66827,0.74369,0.13263,0.49605
1,0.48266,0.9604,0.69137,0.2677,0.87384,0.42516,0.24156,0.30743,0.34674,0.39349,0.31706,0.97574,0.27026,0.29609,0.9507,0.27973,0.62085,0.56162,0.59269,0.27317,0.6201,0.51072,0.95084,0.80923,0.73689,0.63596,0.6307,0.47536,0.7415,0.47964,0.25416,0.56257,0.26756,0.92209,0.40516,0.89237,0.77182,0.33538,0.8914,0.88302,0.097399,0.51229,0.48813,0.49297,0.7648,0.44221,0.78621,0.8127,0.92906,0.41101
1,0.63067,0.68036,0.29635,0.94348,0.89542,0.73148,0.60667,0.69343,0.4298,0.65961,0.98747,0.42185,0.82495,0.60178,0.50525,0.42417,0.75379,0.34772,0.64103,0.71934,0.25309,0.12949,0.70883,0.93339,0.70584,0.30193,0.95285,0.12737,0.5234,0.66175,0.88025,0.35519,0.052542,0.1682,0.29054,0.60898,0.3985,0.47891,0.73799,0.46434,0.58303,0.29166,0.40096,0.9791,0.051081,0.74594,0.97778,0.89166,0.091644,0.50452
1,0.83841,0.95021,0.046713,0.99652,0.88943,0.34467,0.025206,0.59926,0.86622,0.60549,0.95019,0.78521,0.23753,0.16663,0.21969,0.72473,0.60113,0.2445,0.26731,0.66979,0.62445,0.26828,0.60246,0.10794,0.53315,0.35917,0.052601,0.1775,0.89097,0.7879,0.77717,0.069046,0.33093,0.52656,0.3387,0.14961,0.44765,0.53132,0.4205,0.86286,0.8372,0.063325,0.63043,0.98568,0.98588,0.082087,0.09541,0.0049178,0.16425,0.11125
1,0.15569,0.90897,0.63533,0.014731,0.25792,0.80098,0.76882,0.70219,0.065581,0.81446,0.49927,0.48028,0.73283,0.94502,0.049647,0.73338,0.89904,0.81981,0.53719,0.25926,0.4742,0.50234,0.17861,0.98396,0.7463,0.3517,0.22602,0.58747,0.8551,0.90439,0.66986,0.77255,0.017554,0.12351,0.52216,0.9552,0.96535,0.29345,0.99832,0.35609,0.11145,0.94929,0.56294,0.56958,0.63341,0.32426,0.25352,0.23908,0.59161,0.16649
1,0.94664,0.61388,0.48159,0.37137,0.7166,0.58521,0.1405,0.25968,0.393,0.67969,0.30531,0.90638,0.18077,0.64817,0.26038,0.60346,0.021207,0.97323,0.17866,0.5517,0.92484,0.13484,0.93809,0.62486,0.13793,0.70971,0.30291,0.079872,0.65171,0.023816,0.23952,0.38495,0.52531,0.54938,0.34617,0.86001,0.48133,0.28308,0.10616,0.60778,0.76048,0.92087,0.92052,0.46106,0.41133,0.88466,0.9913,1.3283e-05,0.34679,0.82513
1,0.99955,0.45859,0.35976,0.97078,0.0016441,0.91829,0.067988,0.92414,0.12571,0.21025,0.59791,0.38428,0.15189,0.19171,0.64814,0.12525,0.92522,0.0087784,0.27608,0.32921,0.094978,0.17943,0.71903,0.17011,0.18545,0.010112,0.2136,0.5075,0.72129,0.7144,0.069973,0.83241,0.15022,0.75999,0.52367,0.88286,0.73944,0.68359,0.010013,0.25357,0.98226,0.71079,0.17983,0.39864,0.75417,0.61263,0.023125,0.91635,0.60112,0.34307
1,0.95154,0.27992,0.63345,0.31992,0.5509,0.67949,0.91885,0.83108,0.6028,0.54994,0.67769,0.44875,0.78741,0.18926,0.90821,0.13975,0.33786,0.59533,0.74099,0.24664,0.98093,0.57467,0.24975,0.21539,0.62948,0.16626,0.92249,0.75,0.48102,0.27559,0.94913,0.19873,0.66358,0.68001,0.72435,0.18429,0.95967,0.80596,0.74794,0.54771,0.72269,0.61188,0.34108,0.18982,0.1954,0.33949,0.99628,0.49814,0.68869,0.062192
1,0.52305,0.92841,0.26832,0.071987,0.30478,0.59155,0.29874,0.62817,0.48877,0.013626,0.68561,0.20045,0.50551,0.75481,0.88376,0.45837,0.77665,0.36758,0.69954,0.3776,0.95335,0.73014,0.25513,0.48174,0.052306,0.75383,0.65076,0.47945,0.54862,0.61435,0.85435,0.68141,0.58361,0.19527,0.71393,0.36346,0.73621,0.57988,0.43567,0.076895,0.70082,0.33601,0.40313,0.60546,0.54337,0.35166,0.3633,0.32796,0.56375,0.021379
1,0.74518,0.038685,0.19923,0.33239,0.72739,0.035259,0.21771,0.82426,0.72917,0.74626,0.26968,0.63554,0.51121,0.67693,0.89071,0.36805,0.74268,0.35887,0.93963,0.81221,0.88819,0.59401,0.088016,0.32335,0.10958,0.4093,0.68325,0.25211,0.56429,0.76443,0.8885,0.012787,0.87183,0.34645,0.36568,0.51009,0.50749,0.85169,0.53942,0.17579,0.020945,0.40355,0.49397,0.8707,0.46432,0.80781,0.098375,0.95612,0.44802,0.11054
1,0.64708,0.19847,0.78399,0.81919,0.71376,0.48026,0.18622,0.96354,0.80624,0.35852,0.66805,0.95538,0.41694,0.37244,0.10773,0.64604,0.34908,0.24679,0.22001,0.81124,0.4775,0.18222,0.54895,0.83849,0.97117,0.41035,0.30121,0.79187,0.69687,0.16772,0.44717,0.53679,0.50871,0.11284,0.66397,0.97466,0.075394,0.1168,0.46119,0.54851,0.88187,0.80342,0.93408,0.83882,0.76565,0.56958,0.85139,0.098719,0.012451,0.64959
1,0.45912,0.89563,0.15681,0.10759,0.66598,0.60236,0.36101,0.01728,0.89626,0.67805,0.49877,0.37871,0.78386,0.055129,0.48502,0.41381,0.25971,0.085917,0.7161,0.28843,0.25472,0.064913,0.54471,0.55454,0.11747,0.23101,0.3018,0.74076,0.29867,0.076761,0.45667,0.19932,0.68321,0.58407,0.84998,0.4752,0.8039,0.53697,0.89803,0.024534,0.5717,0.77614,0.70942,0.70271,0.86896,0.55445,0.971,0.62867,0.61924,0.61772
1,0.32103,0.31143,0.66317,0.72947,0.50145,0.2647,0.83726,0.4237,0.49477,0.57903,0.40285,0.93575,0.50354,0.5772,0.79015,0.19017,0.43903,0.10464,0.55163,0.010714,0.088449,0.18439,0.15191,0.82882,0.12873,0.87177,0.081162,0.090295,0.76304,0.60494,0.80011,0.1943,0.6151,0.77436,0.13606,0.15134,0.56137,0.69145,0.07597,0.68287,0.41057,0.48131,0.79991,0.99399,0.82964,0.6777,0.66234,0.46148,0.7138,0.46734
1,0.8079,0.017297,0.13265,0.87315,0.73854,0.96152,0.24858,0.1337,0.87514,0.7838,0.48064,0.37861,0.55513,0.24932,0.19988,0.47501,0.80738,0.48656,0.78489,0.096738,0.042941,0.33994,0.84697,0.096616,0.98722,0.57701,0.90934,0.55978,0.43446,0.021601,0.44137,0.64033,0.92594,0.94991,0.36387,0.060809,0.33336,0.4544,0.62935,0.49202,0.68189,0.91497,0.9839,0.024089,0.14286,0.14737,0.88477,0.40625,0.50075,0.43393
1,0.57491,0.60851,0.98854,0.10855,0.50681,0.49648,0.1188,0.8207,0.079975,0.77187,0.35215,0.2799,0.67884,0.014479,0.32306,0.72361,0.64819,0.49422,0.95482,0.43605,0.38729,0.94383,0.67068,0.69992,0.34245,0.6941,0.19621,0.70233,0.48692,0.92415,0.7711,0.9571,0.87064,0.2548,0.50249,0.33606,0.78633,0.68252,0.052249,0.61263,0.53279,0.051386,0.57933,0.40321,0.6342,0.83329,0.63558,0.42025,0.50844,0.61301
1,0.0086445,0.17709,0.36954,0.9942,0.11137,0.30806,0.45714,0.73107,0.2757,0.71505,0.41354,0.93418,0.23824,0.9309,0.81504,0.57838,0.67804,0.28902,0.040322,0.55889,0.89523,0.049025,0.36973,0.48534,0.80489,0.79628,0.22751,0.0058353,0.16479,0.70712,0.60827,0.65217,0.069536,0.075457,0.94156,0.51413,0.74129,0.18663,0.29751,0.56169,0.91743,0.53203,0.65555,0.26878,0.63557,0.92177,0.13783,0.66501,0.19853,0.69549
1,0.28076,0.93646,0.83237,0.99128,0.38164,0.30734,0.71026,0.19927,0.44979,0.13925,0.83316,0.20021,0.30195,0.5838,0.37215,0.087204,0.67535,0.71474,0.54358,0.56627,0.58025,0.34399,0.095901,0.30357,0.93134,0.14042,0.899,0.5713,0.3652,0.43136,0.80184,0.80743,0.57505,0.0059171,0.23244,0.75374,0.60564,0.56515,0.62704,0.6432,0.27169,0.097401,0.37106,0.84722,0.1929,0.6532,0.33078,0.69785,0.62126,0.049073
1,0.016234,0.25525,0.11167,0.054187,0.50771,0.85326,0.72302,0.27859,0.80979,0.044093,0.97495,0.052502,0.43587,0.21028,0.25619,0.53393,0.28196,0.97148,0.50325,0.72484,0.64819,0.85398,0.2861,0.6852,0.18998,0.37011,0.56791,0.90205,0.077153,0.76729,0.28203,0.043491,0.2736,0.79781,0.50657,0.64464,0.65794,0.41509,0.90497,0.99549,0.40034,0.18609,0.61253,0.55629,0.62019,0.17394,0.051179,0.32085,0.78305,0.69754
1,0.20174,0.52776,0.32402,0.5537,0.17964,0.39545,0.33024,0.603,0.79187,0.46052,0.41265,0.4535,0.10642,0.72493,0.82088,0.28013,0.66812,0.94695,0.25522,0.030989,0.58066,0.81541,0.60579,0.37447,0.11983,0.011992,0.62984,0.95117,0.33378,0.40146,0.26756,0.15906,0.64156,0.9536,0.031444,0.33155,0.95438,0.8992,0.47223,0.84145,0.17054,0.61605,0.010667,0.018222,0.037703,0.26116,0.40512,0.3229,0.67984,0.39487
1,0.12679,0.73713,0.24027,0.37124,0.74601,0.77051,0.30379,0.23641,0.80387,0.84802,0.099698,0.24335,0.60635,0.67223,0.97399,0.12228,0.60165,0.60902,0.38591,0.28499,0.95087,0.40512,0.71755,0.20238,0.69118,0.51725,0.23895,0.08795,0.064754,0.83421,0.15488,0.62222,0.73709,0.42114,0.81645,0.31259,0.49524,0.68963,0.79716,0.296,0.53932,0.79774,0.43711,0.023749,0.42129,0.55704,0.22247,0.35152,0.54963,0.13077
1,0.02683,0.50238,0.67078,0.61983,0.76451,0.76442,0.43533,0.85056,0.93667,0.9139,0.93954,0.16032,0.13868,0.41314,0.21731,0.62442,0.7274,0.10079,0.30015,0.9492,0.27804,0.50849,0.79114,0.6597,0.16496,0.15908,0.31714,0.99636,0.77324,0.28687,0.17038,0.98956,0.083617,0.86506,0.48181,0.49869,0.010353,0.046261,0.0092747,0.61333,0.79926,0.006567,0.43858,0.73904,0.7117,0.67603,0.90161,0.063183,0.75693,0.76895
1,0.0081661,0.14159,0.72161,0.77005,0.92866,0.59111,0.74103,0.53078,0.25736,0.88889,0.61644,0.11216,0.54281,0.63711,0.7984,0.094485,0.15118,0.27837,0.52497,0.15005,0.67218,0.45795,0.23569,0.82102,0.84126,0.54114,0.58276,0.87177,0.57216,0.61662,0.39184,0.55537,0.67979,0.25548,0.022242,0.093618,0.26113,0.55585,0.36715,0.54883,0.77223,0.21889,0.5698,0.84305,0.32762,0.21408,0.80194,0.60825,0.50132,0.40576
1,0.27457,0.65316,0.57191,0.25311,0.11075,0.58599,0.72882,0.54652,0.54482,0.84827,0.5521,0.90779,0.1123,0.48748,0.93713,0.1006,0.27477,0.42628,0.67041,0.35356,0.41486,0.68011,0.87114,0.71361,0.94622,0.97076,0.99976,0.50924,0.68122,0.64439,0.68831,0.39238,0.80292,0.98499,0.31336,0.82802,0.27194,0.60038,0.33278,0.68752,0.58668,0.34376,0.98153,0.62131,0.69883,0.88536,0.65486,0.068835,0.10424,0.50366
1,0.39533,0.24036,0.66012,0.31528,0.92395,0.93052,0.61929,0.50354,0.92231,0.7603,0.24408,0.91965,0.97113,0.10117,0.15452,0.33737,0.014347,0.16665,0.32136,0.89686,0.32057,0.33609,0.88326,0.4855,0.28179,0.67343,0.49258,0.61867,0.1695,0.40012,0.16346,0.30204,0.74439,0.2741,0.6375,0.36175,0.13462,0.94307,0.49122,0.75292,0.87947,0.12728,0.83752,0.15869,0.89095,0.90647,0.37616,0.60167,0.20159,0.58065
1,0.88484,0.59632,0.23569,0.35708,0.90246,0.78937,0.90575,0.17933,0.13218,0.63565,0.67571,0.19242,0.39392,0.55322,0.17365,0.22823,0.79495,0.73931,0.080041,0.9834,0.79141,0.34865,0.11418,0.55267,0.83767,0.21861,0.11642,0.89177,0.54139,0.48924,0.7983,0.42328,0.65487,0.28101,0.23175,0.81632,0.78743,0.68323,0.95557,0.24576,0.60889,0.15272,0.66567,0.18258,0.69859,0.92486,0.85209,0.17508,0.0062802,0.2461
1,0.93392,0.50413,0.48246,0.42753,0.22045,0.12512,0.62358,0.57577,0.41229,0.84734,0.57822,0.79768,0.27614,0.73342,0.35096,0.27656,0.34319,0.5121,0.14428,0.23728,0.69147,0.094602,0.65075,0.44464,0.42376,0.067204,0.33618,0.024922,0.18204,0.080089,0.40899,0.41709,0.69561,0.28377,0.90196,0.73429,0.1902,0.51981,0.6591,0.95307,0.52093,0.0088461,0.86344,0.23016,0.87141,0.77668,0.39975,0.33862,0.5656,0.45497
1,0.80459,0.4878,0.16285,0.39487,0.78654,0.049992,0.052953,0.42673,0.62644,0.54566,0.039981,0.96411,0.070217,0.6627,0.28744,0.40438,0.72599,0.1121,0.66775,0.8921,0.10338,0.70858,0.45973,0.26211,0.92285,0.50075,0.58079,0.31561,0.25234,0.61308,0.37138,0.26788,0.31571,0.56461,0.83968,0.49549,0.20904,0.73878,0.37658,0.050367,0.39747,0.38337,0.48327,0.42963,0.63533,0.9539,0.72673,0.72924,0.87554,0.11887
1,0.59829,0.25498,0.8507,0.92749,0.48688,0.35581,0.0064737,0.77144,0.45996,0.34206,0.38426,0.80968,0.63735,0.55383,0.66822,0.57464,0.99646,0.974,0.88739,0.85234,0.0085529,0.030944,0.49873,0.91258,0.47622,0.040648,0.14879,0.53337,0.41675,0.59992,0.51266,0.74538,0.091681,0.69716,0.70028,0.90769,0.33965,0.37124,0.31147,0.92057,0.83754,0.49795,0.80373,0.89417,0.42553,0.74219,0.10652,0.95302,0.73111,0.38832
1,0.13473,0.17482,0.82199,0.87093,0.66355,0.97507,0.59333,0.9164,0.63303,0.92296,0.76644,0.5195,0.41361,0.14306,0.21691,0.81587,0.71328,0.11645,0.13356,0.85283,0.6959,0.71414,0.0083027,0.37478,0.67233,0.30941,0.033711,0.99055,0.059582,0.6985,0.80423,0.30967,0.88928,0.9616,0.53628,0.59197,0.065284,0.29674,0.94459,0.50947,0.47122,0.50268,0.68955,0.077191,0.10579,0.49158,0.73486,0.77784,0.28651,0.1498
1,0.60972,0.70213,0.4767,0.77475,0.85887,0.45263,0.79155,0.54672,0.18492,0.55035,0.81238,0.13885,0.16447,0.01468,0.85639,0.81916,0.27166,0.12175,0.55372,0.47173,0.28791,0.32047,0.082522,0.32851,0.17879,0.48067,0.50076,0.12894,0.80861,0.0185,0.93288,0.72943,0.057058,0.98359,0.2889,0.41806,0.83694,0.31416,0.095393,0.63539,0.015269,0.17605,0.70881,0.66393,0.77677,0.58126,0.79555,0.25226,0.13022,0.057211
1,0.98527,0.44638,0.13084,0.49265,0.65674,0.13568,0.24908,0.85421,0.3608,0.21542,0.14428,0.10687,0.913,0.50358,0.84274,0.76312,0.85415,0.77844,0.093729,0.8661,0.32105,0.81526,0.83022,0.66191,0.4377,0.55547,0.91914,0.62576,0.5896,0.42044,0.14138,0.7391,0.92367,0.31122,0.93462,0.61242,0.72654,0.18436,0.2666,0.67873,0.42315,0.85726,0.18928,0.48997,0.64253,0.89553,0.50494,0.72114,0.41232,0.65403
1,0.49869,0.52867,0.37566,0.83955,0.43674,0.74408,0.39019,0.46708,0.57588,0.99321,0.72826,0.076957,0.69042,0.58406,0.022394,0.3047,0.31148,0.63312,0.53351,0.4698,0.1075,0.44276,0.43202,0.75063,0.35639,0.5193,0.36288,0.023257,0.15261,0.62581,0.72359,0.53078,0.39684,0.057268,0.3669,0.33825,0.98199,0.31866,0.88901,0.56029,0.824,0.70642,0.88872,0.92171,0.60817,0.13815,0.68433,0.46527,0.81528,0.215
1,0.16429,0.89644,0.73242,0.92479,0.59589,0.45981,0.59157,0.36955,0.96119,0.60799,0.77451,0.10263,0.76651,0.82334,0.29789,0.93133,0.98479,0.07085,0.21773,0.83281,0.021576,0.99035,0.34895,0.73411,0.3323,0.76577,0.31683,0.13465,0.77911,0.79436,0.38868,0.16674,0.85988,0.8822,0.29495,0.28206,0.30858,0.97313,0.21011,0.88631,0.78514,0.024901,0.45123,0.41415,0.35428,0.40347,0.67027,0.97994,0.59881,0.97825
1,0.86985,0.057489,0.87947,0.46548,0.65065,0.49281,0.91918,0.48926,0.089587,0.1808,0.12616,0.82669,0.81395,0.00079879,0.50831,0.3519,0.70374,0.22891,0.77841,0.29089,0.71054,0.71551,0.94997,0.14504,0.22315,0.53534,0.56489,0.86613,0.29193,0.088289,0.78572,0.72461,0.81087,0.97236,0.68814,0.56158,0.71833,0.99132,0.29098,0.078284,0.29114,0.064754,0.88938,0.73272,0.81554,0.3367,0.054215,0.69775,0.40391,0.7599
1,0.24257,0.0015711,0.26251,0.23002,0.2773,0.41834,0.8306,0.61024,0.31664,0.54329,0.79318,0.21035,0.66333,0.50072,0.56033,0.051907,0.18107,0.58408,0.073432,0.01282,0.88158,0.94094,0.17904,0.15467,0.62717,0.048779,0.82842,0.05738,0.60237,0.85398,0.16935,0.91009,0.59003,0.13781,0.62428,0.35566,0.30937,0.25068,0.57019,0.99974,0.024946,0.37457,0.15615,0.43083,0.69235,0.63186,0.82556,0.14759,0.65381,0.38924
1,0.92172,0.64513,0.87967,0.2031,0.91543,0.69965,0.46969,0.84556,0.18105,0.93942,0.74579,0.99121,0.14922,0.4116,0.38681,0.37554,0.59575,0.1864,0.73128,0.55277,0.8763,0.66169,0.2929,0.99434,0.47149,0.49353,0.62635,0.15756,0.71076,0.3329,0.50634,0.66414,0.61311,0.71348,0.44374,0.99282,0.50512,0.47073,0.55264,0.12294,0.40648,0.31362,0.25277,0.88013,0.97932,0.27436,0.29445,0.11473,0.38686,0.056679
1,0.88959,0.63198,0.14976,0.95529,0.093074,0.92868,0.6332,0.51323,0.048506,0.45723,0.85121,0.17914,0.070329,0.23631,0.64675,0.39559,0.49589,0.30775,0.2256,0.53312,0.26788,0.14695,0.20108,0.5331,0.39138,0.036662,0.10283,0.065037,0.91449,0.35527,0.33401,0.73289,0.81419,0.75594,0.079368,0.96061,0.75189,0.94791,0.8708,0.31204,0.27931,0.084429,0.46862,0.34741,0.62933,0.071742,0.57536,0.75896,0.88048,0.48092
1,0.43382,0.14494,0.29444,0.77174,0.38727,0.77439,0.093529,0.28128,0.053128,0.89713,0.22427,0.85384,0.35118,0.38187,0.21578,0.51732,0.090241,0.47165,0.14533,0.53994,0.37975,0.5946,0.78234,0.56152,0.62384,0.80704,0.61007,0.81724,0.44789,0.76377,0.15052,0.26656,0.43719,0.99223,0.31322,0.58074,0.32303,0.36423,0.98884,0.72048,0.48301,0.27399,0.34776,0.92475,0.94794,0.46365,0.05012,0.81634,0.63534,0.46161
1,0.027019,0.070438,0.72609,0.64293,0.21984,0.47008,0.24424,0.73412,0.55029,0.34336,0.078418,0.090764,0.88832,0.32205,0.17642,0.70284,0.17998,0.62082,0.76931,0.48069,0.4086,0.7157,0.35444,0.46997,0.12736,0.79169,0.5514,0.48226,0.18754,0.56804,0.30586,0.34527,0.68551,0.6687,0.61318,0.65522,0.84093,0.23758,0.47401,0.29535,0.6687,0.83449,0.88841,0.47161,0.38271,0.37971,0.57729,0.072746,0.069584,0.95206
1,0.06962,0.32913,0.60964,0.80779,0.92062,0.17436,0.85905,0.49337,0.74602,0.98583,0.569,0.22041,0.82236,0.5503,0.72015,0.45188,0.3821,0.99991,0.080762,0.00099244,0.7477,0.24281,0.54217,0.70531,0.90985,0.92154,0.76354,0.98361,0.26111,0.92833,0.47974,0.48463,0.1971,0.71896,0.35822,0.92763,0.041138,0.80053,0.6991,0.46425,0.81788,0.13089,0.86647,0.26442,0.037541,0.65486,0.56538,0.078382,0.66126,0.11618
1,0.046134,0.33075,0.86037,0.026771,0.80506,0.25575,0.23958,0.12366,0.19071,0.35145,0.98974,0.84027,0.46763,0.99285,0.11893,0.90885,0.82736,0.81819,0.94711,0.29937,0.021265,0.60521,0.9823,0.15327,0.28962,0.28243,0.28026,0.82078,0.32661,0.82191,0.35399,0.75953,0.49764,0.57629,0.18327,0.14798,0.34901,0.28317,0.91088,0.8861,0.76789,0.90421,0.86215,0.40235,0.69904,0.17204,0.48571,0.25907,0.12207,0.57957
1,0.80047,0.32004,0.47327,0.53166,0.5144,0.67015,0.16393,0.23781,0.55744,0.0094719,0.13917,0.7844,0.085837,0.97558,0.41197,0.072661,0.28005,0.97975,0.027932,0.36619,0.71008,0.43573,0.18093,0.5342,0.44303,0.77865,0.74866,0.080738,0.51912,0.86449,0.0015045,0.91896,0.8114,0.83104,0.50883,0.37262,0.011388,0.98408,0.97376,0.63287,0.30592,0.094192,0.66974,0.80505,0.98047,0.82124,0.70215,0.26757,0.81485,0.86581
1,0.3357,0.34832,0.83616,0.7997,0.68428,0.87466,0.90324,0.9887,0.29811,0.61276,0.36396,0.8149,0.062817,0.29181,0.44484,0.48432,0.94355,0.52248,0.95718,0.6879,0.078489,0.19184,0.17784,0.99007,0.69732,0.85589,0.74051,0.58628,0.021044,0.33861,0.58609,0.63246,0.50171,0.60647,0.16611,0.75769,0.66449,0.60018,0.5854,0.89843,0.83062,0.78935,0.73854,0.8394,0.029342,0.40889,0.53305,0.92691,0.47843,0.57357
1,0.29734,0.98347,0.34412,0.21035,0.74057,0.39859,0.16437,0.097112,0.11995,0.8879,0.11229,0.20562,0.65878,0.76533,0.69821,0.021852,0.10655,0.97056,0.45963,0.97289,0.88041,0.76713,0.44411,0.058579,0.20604,0.97691,0.14808,0.63456,0.27658,0.389,0.73431,0.13568,0.34962,0.18105,0.082994,0.8247,0.71265,0.72569,0.82163,0.33777,0.35254,0.33716,0.78718,0.76237,0.79857,0.56067,0.98717,0.088071,0.99111,0.72146
1,0.87137,0.10257,0.013424,0.46492,0.71977,0.96969,0.90189,0.11305,0.84256,0.17292,0.85823,0.3384,0.44085,0.96617,0.59858,0.37327,0.2706,0.94313,0.59267,0.36411,0.70459,0.21415,0.05234,0.93551,0.18051,0.050276,0.77586,0.64858,0.994,0.56841,0.23805,0.77058,0.16583,0.87444,0.013144,0.44031,0.23173,0.31818,0.33917,0.036589,0.84684,0.10769,0.90132,0.46357,0.96145,0.10144,0.48681,0.79848,0.68432,0.073591
1,0.74772,0.8597,0.51568,0.10756,0.50701,0.12882,0.57208,0.15627,0.75472,0.84613,0.56132,0.29089,0.87114,0.88334,0.59886,0.58572,0.8394,0.83546,0.33223,0.44437,0.25951,0.63195,0.6761,0.17158,0.50958,0.85091,0.36837,0.17646,0.80552,0.80511,0.6487,0.52877,0.6763,0.11759,0.95881,0.38444,0.64884,0.31391,0.024154,0.21393,0.97256,0.7432,0.54327,0.62103,0.15149,0.98138,0.12784,0.043474,0.27918,0.1456
1,0.50678,0.022615,0.081828,0.33177,0.49203,0.041927,0.57869,0.67214,0.56892,0.046633,0.10208,0.14092,0.1701,0.6038,0.75075,0.56506,0.21882,0.55532,0.27965,0.043189,0.44955,0.090164,0.647,0.58495,0.90256,0.64458,0.76861,0.91035,0.026628,0.91838,0.50502,0.47902,0.84624,0.98795,0.64528,0.03279,0.4294,0.057221,0.76226,0.19738,0.66828,0.7333,0.82132,0.15849,0.40519,0.93351,0.42525,0.78004,0.59115,0.65006
1,0.4369,0.72575,0.63535,0.25214,0.27497,0.43795,0.16242,0.43785,0.56581,0.14247,0.60941,0.76622,0.1484,0.5789,0.24791,0.98303,0.49573,0.62548,0.84613,0.95252,0.25725,0.65636,0.82336,0.25073,0.40706,0.41159,0.45233,0.89687,0.57594,0.092156,0.31477,0.63953,0.63214,0.92517,0.16576,0.36121,0.95383,0.64931,0.04667,0.06679,0.4353,0.86196,0.32432,0.36845,0.2968,0.3638,0.78695,0.8102,0.30882,0.84315
1,0.31305,0.49986,0.0028508,0.25375,0.44938,0.92012,0.67771,0.46447,0.56155,0.8151,0.523,0.29052,0.90414,0.18385,0.85524,0.26004,0.50986,0.144,0.80822,0.55995,0.93148,0.22636,0.76865,0.58765,0.36514,0.89218,0.50403,0.07655,0.321,0.61446,0.96847,0.37855,0.65451,0.49456,0.021674,0.25822,0.59617,0.37664,0.79408,0.75425,0.9076,0.57951,0.78901,0.76746,0.90818,0.73669,0.27079,0.59874,0.76565,0.32532
1,0.38789,0.6627,0.85798,0.62261,0.22763,0.071442,0.58588,0.37807,0.67101,0.19589,0.26278,0.33466,0.43275,0.63997,0.51501,0.62179,0.53708,0.96881,0.64644,0.9107,0.093335,0.90368,0.45595,0.76053,0.90304,0.0074777,0.44199,0.40397,0.64354,0.18562,0.33465,0.38607,0.25255,0.42001,0.89947,0.45615,0.6189,0.48118,0.55516,0.15956,0.86117,0.71145,0.75669,0.7836,0.43852,0.11098,0.72452,0.94166,0.2644,0.3445
1,0.46375,0.34408,0.70477,0.85306,0.052385,0.10751,0.96167,0.42428,0.31191,0.3675,0.46555,0.11241,0.99855,0.4632,0.282,0.23045,0.91473,0.42579,0.71225,0.7166,0.45989,0.049112,0.076366,0.14659,0.64216,0.41201,0.6405,0.32608,0.78272,0.93404,0.47594,0.80612,0.33099,0.88086,0.64945,0.17783,0.95033,0.72651,0.81691,0.92325,0.51673,0.03702,0.056756,0.59402,0.18735,0.98752,0.32212,0.5858,0.026193,0.39406
1,0.010893,0.82963,0.80306,0.33236,0.5524,0.33432,0.96203,0.37556,0.60521,0.14521,0.98017,0.24193,0.65924,0.1548,0.11514,0.4392,0.35912,0.6351,0.92346,0.82783,0.88738,0.63645,0.18055,0.4337,0.1578,0.70437,0.82659,0.47008,0.73619,0.71277,0.81501,0.49974,0.97971,0.10179,0.56343,0.58733,0.7706,0.064929,0.50152,0.44282,0.13366,0.24482,0.7376,0.84887,0.90132,0.2486,0.57026,0.31498,0.20431,0.772
1,0.57396,0.91048,0.80064,0.066853,0.40713,0.7451,0.64232,0.95675,0.34387,0.79692,0.2991,0.3798,0.52341,0.9677,0.5659,0.19908,0.066459,0.19461,0.22177,0.64514,0.28211,0.53211,0.12553,0.42945,0.91426,0.06698,0.30298,0.84438,0.095357,0.25417,0.61203,0.30536,0.23068,0.46862,0.9086,0.83612,0.58227,0.24502,0.94938,0.32297,0.59893,0.95,0.91463,0.36754,0.37898,0.88369,0.24992,0.21791,0.8631,0.020133
1,0.59743,0.3866,0.71389,0.34029,0.51459,0.68982,0.55357,0.56299,0.0074464,0.78117,0.839,0.6572,0.63687,0.58917,0.5959,0.68516,0.46628,0.86689,0.34965,0.87346,0.73069,0.61124,0.51033,0.74275,0.60369,0.44106,0.88147,0.8132,0.53331,0.080538,0.82649,0.20775,0.71181,0.32657,0.69132,0.044818,0.82349,0.27309,0.32652,0.6864,0.37132,0.32955,0.57778,0.72578,0.22946,0.76708,0.96272,0.45754,0.55197,0.47766
1,0.9067,0.27191,0.98486,0.3003,0.65785,0.9377,0.43645,0.37475,0.90964,0.12779,0.95067,0.10215,0.0922,0.26153,0.48947,0.49074,0.18741,0.75542,0.98508,0.1958,0.7099,0.45381,0.092675,0.66753,0.33484,0.14041,0.53325,0.77773,0.25349,0.4705,0.023261,0.93769,0.099783,0.16183,0.57316,0.41964,0.50428,0.54173,0.42471,0.84099,0.040565,0.15052,0.98908,0.88552,0.79155,0.83489,0.67269,0.59701,0.42538,0.17922
1,0.70585,0.32941,0.20007,0.0614,0.29621,0.39516,0.84189,0.29055,0.96628,0.63335,0.10566,0.39799,0.31768,0.3927,0.32519,0.49276,0.60073,0.62808,0.20629,0.18192,0.50347,0.79214,0.23664,0.86456,0.18375,0.2236,0.34832,0.62009,0.13248,0.080825,0.23633,0.031277,0.90649,0.74159,0.78799,0.69738,0.83477,0.98808,0.77683,0.61971,0.88178,0.24497,0.070833,0.077648,0.71705,0.051029,0.37624,0.23264,0.28139,0.89411
1,0.93974,0.35022,0.98737,0.67262,0.87333,0.53213,0.44569,0.96181,0.31053,0.11709,0.90189,0.14478,0.56743,0.030402,0.029862,0.86529,0.95847,0.46432,0.99513,0.10104,0.79779,0.24279,0.4822,0.96638,0.4582,0.76961,0.4914,0.9495,0.78023,0.31756,0.98094,0.92397,0.25173,0.65742,0.66208,0.85308,0.19562,0.2641,0.7285,0.39687,0.91484,0.30915,0.91088,0.16668,0.93187,0.69427,0.0090495,0.65358,0.2933,0.62352
1,0.22493,0.74324,0.77246,0.89375,0.28822,0.68449,0.86736,0.18325,0.72188,0.904,0.077971,0.43564,0.59979,0.080732,0.15031,0.51234,0.29705,0.16459,0.40106,0.63778,0.4383,0.8581,0.86618,0.11561,0.25212,0.052545,0.77667,0.013239,0.94057,0.47723,0.95225,0.44062,0.49003,0.39187,0.89401,0.82119,0.816,0.09446,0.61237,0.39343,0.68165,0.79342,0.23565,0.0055583,0.14057,0.97458,0.23902,0.99903,0.61796,0.92639
1,0.1445,0.91923,0.54272,0.59372,0.32566,0.54241,0.74159,0.03983,0.46973,0.21727,0.70053,0.24309,0.76961,0.70122,0.46155,0.31326,0.26234,0.6288,0.68263,0.078433,0.89606,0.12621,0.78425,0.22795,0.89534,0.52339,0.6294,0.28442,0.91008,0.19852,0.75581,0.52622,0.98831,0.42472,0.76056,0.32501,0.046481,0.38711,0.76724,0.99097,0.1377,0.58686,0.22052,0.51224,0.9841,0.66192,0.67743,0.3533,0.87987,0.98024
1,0.94924,0.46618,0.10629,0.95644,0.60076,0.45732,0.99821,0.756,0.54249,0.85341,0.84494,0.42376,0.38113,0.2549,0.02479,0.44726,0.36258,0.45844,0.33676,0.33695,0.064905,0.54866,0.21061,0.94501,0.9829,0.24592,0.10772,0.76125,0.17881,0.54797,0.84664,0.35001,0.029018,0.5092,0.48459,0.48754,0.057976,0.46434,0.92488,0.61359,0.1985,0.24275,0.025163,0.91849,0.62014,0.29719,0.51817,0.87344,0.73999,0.76357
1,0.1352,0.8937,0.20497,0.77199,0.54292,0.78165,0.71988,0.89088,0.46325,0.29071,0.2224,0.99082,0.0044683,0.70711,0.31906,0.3354,0.34256,0.8199,0.25277,0.39954,0.88528,0.69957,0.98621,0.89553,0.86798,0.8256,0.54934,0.26239,0.40829,0.52896,0.31293,0.10573,0.18197,0.4772,0.92431,0.68008,0.59091,0.98674,0.61813,0.37419,0.7299,0.55724,0.8804,0.6782,0.83703,0.69477,0.7799,0.68514,0.5502,0.63073
1,0.25733,0.036331,0.48101,0.26449,0.56082,0.09601,0.34557,0.68193,0.017329,0.039936,0.64877,0.97626,0.99553,0.71159,0.23134,0.97221,0.4664,0.53413,0.42804,0.51173,0.38843,0.9669,0.41619,0.83205,0.18553,0.70065,0.30588,0.75618,0.51477,0.45996,0.34158,0.68507,0.64602,0.77188,0.077227,0.31314,0.36072,0.36171,0.63811,0.93494,0.20482,0.39425,0.94836,0.7056,0.9318,0.49313,0.87269,0.76636,0.47095,0.92037
1,0.22826,0.0012,0.44365,0.39416,0.3648,0.76501,0.55079,0.51218,0.4581,0.12994,0.94056,0.86826,0.17353,0.6442,0.63311,0.28547,0.86102,0.34062,0.81356,0.15878,0.14709,0.47967,0.43012,0.25507,0.77522,0.68804,0.47604,0.2348,0.53162,0.0096559,0.095002,0.54267,0.87048,0.46466,0.44878,0.72889,0.92645,0.62073,0.57729,0.74441,0.926,0.3965,0.38677,0.76192,0.28575,0.51329,0.24529,0.13499,0.14062,0.87954
1,0.59178,0.070848,0.45336,0.92845,0.77604,0.7835,0.28242,0.88991,0.43901,0.1643,0.91435,0.95713,0.077006,0.89135,0.11983,0.2186,0.30649,0.40274,0.71691,0.96555,0.37138,0.99434,0.40988,0.78336,0.2965,0.49187,0.42243,0.37495,0.69532,0.33738,0.69568,0.00057878,0.73752,0.015643,0.89405,0.36719,0.64058,0.0096141,0.74768,0.62578,0.8394,0.41787,0.40014,0.51058,0.61891,0.5473,0.29514,0.82893,0.8329,0.81112
1,0.075948,0.72522,0.83952,0.79061,0.74061,0.10514,0.51274,0.39033,0.027811,0.26913,0.386,0.29402,0.96387,0.16126,0.35855,0.4641,0.52503,0.8864,0.38194,0.16593,0.8257,0.03378,0.97624,0.62776,0.99221,0.96591,0.71799,0.49423,0.36137,0.90173,0.80681,0.093596,0.57214,0.43247,0.015146,0.4401,0.16947,0.02367,0.83925,0.10421,0.71195,0.70292,0.74679,0.12858,0.72419,0.19194,0.53383,0.84093,0.36386,0.63934
1,0.17074,0.83358,0.799,0.44785,0.077786,0.8108,0.798,0.40988,0.12754,0.26691,0.7444,0.62688,0.059657,0.95512,0.87868,0.14044,0.43931,0.54688,0.7375,0.083041,0.12299,0.38911,0.66427,0.78781,0.47353,0.84757,0.13651,0.74512,0.62662,0.65312,0.51782,0.8108,0.85289,0.26316,0.15171,0.46916,0.10624,0.071963,0.17891,0.29284,0.80578,0.083839,0.24924,0.94932,0.58652,0.14452,0.491,0.83,0.7829,0.41003
1,0.32039,0.4102,0.88571,0.84774,0.088204,0.78234,0.44199,0.50753,0.41807,0.33057,0.10365,0.58904,0.46042,0.12618,0.46132,0.39362,0.28326,0.0043864,0.15615,0.63903,0.58893,0.54333,0.21066,0.16538,0.38682,0.23302,0.61768,0.92727,0.4426,0.94528,0.73338,0.11878,0.35916,0.98125,0.033777,0.15842,0.099198,0.78115,0.97256,0.68961,0.82628,0.37665,0.1055,0.91815,0.5306,0.70422,0.96447,0.9755,0.80537,0.20386
1,0.39935,0.94744,0.097624,0.88158,0.46243,0.26568,0.74909,0.3677,0.33847,0.72748,0.69058,0.10489,0.12792,0.106,0.16368,0.061747,0.18059,0.42714,0.0035694,0.53461,0.13328,0.278,0.25442,0.84529,0.5689,0.86994,0.73701,0.12688,0.68249,0.25887,0.58239,0.12133,0.70937,0.27066,0.83051,0.54702,0.024636,0.28828,0.2104,0.0076104,0.75448,0.6535,0.12463,0.59022,0.64065,0.068173,0.11797,0.60803,0.79051,0.19991
1,0.66746,0.29306,0.31122,0.28605,0.31249,0.34063,0.7523,0.99778,0.67713,0.50409,0.31027,0.52973,0.079968,0.26735,0.19885,0.9225,0.37193,0.74817,0.56395,0.40584,0.66302,0.54887,0.91353,0.21554,0.68998,0.88928,0.92222,0.14378,0.17604,0.63104,0.9815,0.52479,0.50857,0.77613,0.00026397,0.91544,0.6838,0.56627,0.091113,0.62092,0.6163,0.49313,0.53134,0.79344,0.25127,0.27517,0.29158,0.048286,0.30794,0.62249
1,0.90685,0.11664,0.40534,0.084667,0.28424,0.14918,0.67005,0.98944,0.89445,0.26897,0.05817,0.13052,0.18661,0.81107,0.24614,0.7914,0.6128,0.33224,0.96779,0.60553,0.59098,0.13871,0.89766,0.42858,0.11175,0.22801,0.22565,0.36285,0.86135,0.85458,0.59991,0.93267,0.013447,0.79689,0.73868,0.074076,0.96387,0.33035,0.277,0.11834,0.65631,0.20732,0.52839,0.52027,0.8893,0.16025,0.49038,0.6807,0.55536,0.72521
1,0.35228,0.23688,0.19251,0.15383,0.036632,0.17048,0.78806,0.56231,0.98122,0.76925,0.32744,0.70977,0.96766,0.33116,0.82342,0.065785,0.55805,0.7665,0.52676,0.34908,0.44043,0.90887,0.79529,0.87193,0.59211,0.85975,0.32482,0.064647,0.14442,0.4474,0.14461,0.3319,0.58449,0.11424,0.016994,0.27829,0.29479,0.33918,0.54999,0.22421,0.33774,0.57518,0.40319,0.16049,0.46713,0.89561,0.32809,0.17752,0.48884,0.89374
1,0.78681,0.42085,0.12566,0.97282,0.22113,0.26148,0.4972,0.99525,0.92823,0.27848,0.80638,0.52396,0.71952,0.017958,0.5513,0.87387,0.27715,0.81701,0.30553,0.73828,0.48585,0.5275,0.16539,0.76411,0.28082,0.1973,0.38477,0.75877,0.25571,0.68912,0.089889,0.34693,0.14722,0.38019,0.94464,0.74207,0.94389,0.97189,0.54993,0.86108,0.13334,0.76825,0.032496,0.25685,0.55477,0.5301,0.43529,0.8541,0.73656,0.66281
1,0.55827,0.19959,0.46019,0.29257,0.071994,0.57022,0.64029,0.53657,0.019431,0.87293,0.57175,0.018212,0.55657,0.21891,0.31852,0.63662,0.88084,0.024669,0.94454,0.58393,0.061019,0.1772,0.65317,0.40605,0.81832,0.12578,0.85395,0.14727,0.61623,0.1333,0.59422,0.40697,0.83424,0.2719,0.3364,0.98901,0.92084,0.62164,0.14575,0.45606,0.62542,0.41072,0.58901,0.56067,0.26614,0.20511,0.32303,0.5255,0.32091,0.85342
1,0.11993,0.94806,0.22353,0.48031,0.69668,0.079686,0.55467,0.70901,0.79006,0.31081,0.3001,0.34474,0.4457,0.68506,0.037859,0.60232,0.51716,0.077341,0.10874,0.16744,0.45049,0.92295,0.03566,0.10339,0.26284,0.58652,0.94335,0.69465,0.34168,0.31566,0.24613,0.093142,0.67801,0.297,0.9124,0.011053,0.95388,0.48863,0.043966,0.66982,0.041283,0.22485,0.12656,0.6054,0.97219,0.068988,0.76332,0.87403,0.9691,0.95513
1,0.25263,0.78088,0.090907,0.12227,0.086614,0.85063,0.36525,0.36285,0.58637,0.175,0.22863,0.55007,0.52704,0.21268,0.45574,0.11709,0.85228,0.32644,0.98482,0.43355,0.71101,0.22424,0.41466,0.34536,0.61516,0.29837,0.47528,0.55053,0.076531,0.0014515,0.2019,0.92433,0.76402,0.73949,0.86631,0.32811,0.74215,0.89996,0.038253,0.91602,0.95248,0.95712,0.2739,0.276,0.27189,0.56596,0.3629,0.83338,0.46992,0.48334
1,0.77938,0.90503,0.61846,0.95567,0.10896,0.9405,0.4869,0.43904,0.78757,0.69275,0.59304,0.31513,0.92282,0.2083,0.92348,0.85819,0.21806,0.28028,0.33276,0.49022,0.16038,0.28607,0.58827,0.41757,0.88277,0.16281,0.79685,0.39998,0.22305,0.47268,0.39911,0.31693,0.83765,0.605,0.61917,0.17174,0.67903,0.064272,0.65244,0.54094,0.12749,0.059305,0.59279,0.62965,0.57864,0.070546,0.1025,0.415,0.18751,0.2469
1,0.84887,0.43005,0.8911,0.41105,0.26561,0.19226,0.79315,0.50132,0.49271,0.41793,0.99078,0.6312,0.93871,0.77046,0.99512,0.55569,0.35662,0.9742,0.89569,0.60165,0.3108,0.32121,0.80021,0.049976,0.88091,0.33707,0.63574,0.62222,0.37443,0.055417,0.4171,0.51228,0.37684,0.77231,0.22594,0.54768,0.36957,0.97385,0.39592,0.64957,0.24473,0.25019,0.29653,0.032811,0.79792,0.098356,0.55679,0.76579,0.48858,0.86263
1,0.76979,0.57655,0.35643,0.22214,0.28963,0.55788,0.094082,0.80128,0.19757,0.7847,0.44976,0.58085,0.83172,0.57601,0.8083,0.473,0.93973,0.811,0.036937,0.82714,0.21873,0.68714,0.45785,0.31816,0.87739,0.49054,0.68671,0.86567,0.68347,0.46395,0.57233,0.50024,0.54887,0.70398,0.98618,0.1608,0.74309,0.33774,0.25976,0.40824,0.39788,0.86046,0.94864,0.3419,0.2276,0.29351,0.46268,0.74425,0.0087569,0.3307
1,0.90833,0.24875,0.49058,0.33286,0.42073,0.63989,0.74507,0.84436,0.07379,0.25283,0.34657,0.88577,0.83973,0.018243,0.74747,0.36453,0.76677,0.17939,0.36311,0.62961,0.79649,0.22482,0.96595,0.11107,0.67713,0.36532,0.87128,0.026752,0.85959,0.86974,0.22126,0.92888,0.88162,0.059641,0.88491,0.0089175,0.38217,0.79896,0.39547,0.77245,0.077217,0.042641,0.28242,0.71278,0.31609,0.80413,0.14037,0.6902,0.98739,0.6951
1,0.45482,0.05341,0.063829,0.0060713,0.52729,0.86553,0.86006,0.014344,0.53785,0.39189,0.9287,0.21955,0.94801,0.35079,0.0048574,0.49868,0.78073,0.69529,0.52556,0.59741,0.48091,0.394,0.45729,0.29599,0.15274,0.17593,0.93152,0.078345,0.69173,0.37574,0.91866,0.45117,0.19247,0.47271,0.35848,0.36646,0.73129,0.20969,0.39317,0.21681,0.12735,0.4106,0.47035,0.56277,0.54446,0.14657,0.49428,0.0275,0.89685,0.7495
1,0.73678,0.68119,0.7311,0.9731,0.2385,0.26653,0.086707,0.96002,0.82518,0.074418,0.88711,0.54702,0.65745,0.44827,0.66883,0.043012,0.92238,0.99191,0.13352,0.69946,0.36743,0.1745,0.58737,0.21196,0.96874,0.12405,0.062757,0.87647,0.73047,0.71849,0.35477,0.68298,0.11952,0.21847,0.60879,0.43529,0.54744,0.40348,0.43231,0.14914,0.72189,0.75404,0.19535,0.88543,0.73078,0.64009,0.42397,0.88431,0.92605,0.036697
1,0.2694,0.83242,0.072626,0.20862,0.65099,0.76838,0.087506,0.4981,0.7287,0.78968,0.95621,0.66669,0.26525,0.41435,0.78819,0.49433,0.54492,0.42647,0.82307,0.50205,0.078365,0.25931,0.95557,0.42884,0.8497,0.32692,0.71713,0.81465,0.96182,0.6898,0.40208,0.018682,0.065122,0.17562,0.10387,0.9386,0.97828,0.24917,0.66318,0.42815,0.92939,0.2351,0.90924,0.70799,0.77632,0.72367,0.19676,0.055329,0.1135,0.97547
1,0.64788,0.56982,0.45276,0.72514,0.93383,0.34858,0.89595,0.41092,0.94526,0.27969,0.49364,0.36281,0.094358,0.238,0.65604,0.29335,0.37989,0.41449,0.72168,0.77484,0.1802,0.37502,0.1505,0.83683,0.04219,0.067397,0.36123,0.71577,0.85271,0.084652,0.11627,0.18119,0.01623,0.63633,0.41669,0.81294,0.08413,0.49685,0.94604,0.32781,0.82233,0.89219,0.95527,0.15987,0.6377,0.39632,0.57802,0.71381,0.90915,0.77158
1,0.56023,0.41348,0.47444,0.18413,0.95507,0.068565,0.025168,0.82594,0.55975,0.056964,0.50589,0.54175,0.61003,0.90418,0.6728,0.10011,0.47071,0.27923,0.3586,0.54216,0.16992,0.19541,0.33602,0.63525,0.68711,0.74455,0.63163,0.75425,0.45774,0.54258,0.86832,0.92888,0.12763,0.83153,0.059403,0.03305,0.10279,0.1129,0.45792,0.57883,0.00016279,0.625,0.40455,0.95188,0.32044,0.58074,0.71443,0.83167,0.01649,0.49625
1,0.063007,0.067545,0.62672,0.81826,0.91015,0.18006,0.68443,0.6618,0.62806,0.48464,0.45536,0.15145,0.32248,0.9239,0.42562,0.99374,0.87185,0.70948,0.5823,0.93239,0.31133,0.40954,0.98177,0.50531,0.98983,0.52525,0.20093,0.18641,0.99108,0.21231,0.77893,0.21142,0.67126,0.14973,0.72467,0.67948,0.615,0.66318,0.70842,0.46356,0.10824,0.30809,0.018309,0.28445,0.27145,0.99216,0.792,0.89863,0.24413,0.13478
1,0.67015,0.484,0.12769,0.27193,0.016578,0.90018,0.55116,0.65767,0.20684,0.34336,0.89186,0.90558,0.22533,0.8011,0.83977,0.95374,0.35988,0.87401,0.058238,0.062847,0.38681,0.67311,0.37143,0.65287,0.10886,0.2754,0.73707,0.044367,0.39905,0.44454,0.41637,0.9723,0.65129,0.24921,0.43388,0.17554,0.88483,0.74092,0.23112,0.89766,0.74147,0.62682,0.3306,0.69155,0.81907,0.46758,0.32083,0.29714,0.40796,0.30827
