1,0.015821,0.92944,0.6909,0.99732,0.17234,0.13714,0.9326,0.69682,0.066,0.75546,0.75388,0.92302,0.71152,0.12427,0.01988,0.026211,0.028306,0.24621,0.86003,0.53883,0.55282,0.84203,0.12417,0.27918,0.58576,0.9696,0.56103,0.018647,0.80063,0.23297,0.80711,0.38786,0.86354,0.74712,0.55624,0.13646,0.059918,0.12134,0.044552,0.10749,0.22571,0.71299,0.55972,0.012556,0.071974,0.96728,0.5681,0.20329,0.25233,0.74383
1,0.61996,0.82898,0.15679,0.018576,0.070022,0.48635,0.60633,0.56885,0.31736,0.98862,0.57975,0.38014,0.55095,0.74533,0.66923,0.26492,0.066335,0.37008,0.62972,0.21017,0.75276,0.066536,0.26032,0.80475,0.19343,0.63946,0.52467,0.92481,0.2633,0.065961,0.73507,0.77218,0.90782,0.93197,0.013952,0.23436,0.61678,0.94902,0.95018,0.55665,0.91561,0.64157,0.39001,0.48599,0.60431,0.54955,0.92618,0.91873,0.39488,0.96326
1,0.82712,0.015019,0.1762,0.33206,0.131,0.80949,0.34474,0.94011,0.58201,0.87883,0.84473,0.90539,0.45988,0.54635,0.7986,0.28572,0.49025,0.59911,0.015533,0.59348,0.43368,0.80736,0.31524,0.89289,0.57786,0.18401,0.78793,0.61203,0.053909,0.42019,0.67907,0.9186,0.00040202,0.97676,0.37658,0.97378,0.60472,0.82885,0.57471,0.62808,0.28558,0.58683,0.75002,0.85831,0.75508,0.69806,0.86448,0.32268,0.67079,0.45087
1,0.9738,0.6778,0.19857,0.4267,0.34335,0.79764,0.88,0.90384,0.66272,0.27021,0.25237,0.8549,0.52771,0.80216,0.57249,0.73314,0.51901,0.77088,0.56886,0.46571,0.34269,0.068209,0.37792,0.079626,0.98282,0.18161,0.81186,0.87496,0.68841,0.56949,0.16097,0.46688,0.34517,0.22504,0.59251,0.31227,0.91631,0.90964,0.25712,0.11089,0.19296,0.49958,0.72859,0.20819,0.24803,0.85167,0.41585,0.61669,0.23367,0.10197
1,0.14455,0.75153,0.22205,0.51935,0.7853,0.02233,0.32436,0.87292,0.84471,0.53844,0.86661,0.94981,0.82641,0.85412,0.098743,0.6513,0.70352,0.61024,0.79962,0.034571,0.77024,0.73173,0.2597,0.25707,0.6323,0.3453,0.79659,0.44615,0.78275,0.99047,0.30025,0.14301,0.90131,0.54156,0.97474,0.6366,0.99391,0.54607,0.52643,0.13543,0.35571,0.026219,0.1604,0.74564,0.0304,0.36654,0.86235,0.69268,0.69094,0.18864
1,0.75017,0.45698,0.056929,0.50852,0.21196,0.7986,0.29733,0.027606,0.59343,0.84384,0.38102,0.74986,0.51114,0.54095,0.95943,0.80396,0.032323,0.70939,0.465,0.94755,0.22143,0.26707,0.081474,0.42862,0.10902,0.63379,0.80296,0.6968,0.76621,0.34245,0.84585,0.42877,0.82401,0.6265,0.14342,0.078387,0.018333,0.066725,0.45858,0.11334,0.027783,0.75486,0.39485,0.74694,0.4524,0.45009,0.47807,0.474,0.80316,0.40239
1,0.53863,0.003018,0.95119,0.9054,0.79597,0.91527,0.14556,0.15773,0.18763,0.6225,0.90581,0.98996,0.71112,0.7318,0.90929,0.40087,0.24985,0.17343,0.11946,0.81261,0.14679,0.2643,0.81909,0.31059,0.98242,0.26664,0.53365,0.31447,0.91077,0.36656,0.43359,0.51229,0.93889,0.030949,0.71688,0.89102,0.027287,0.52205,0.32599,0.85949,0.55852,0.69023,0.45285,0.62831,0.2901,0.0093486,0.57676,0.31144,0.51727,0.91641
1,0.92021,0.2279,0.087482,0.22731,0.31438,0.17477,0.60709,0.41359,0.81635,0.18513,0.70188,0.24036,0.57422,0.34899,0.056964,0.22881,0.6641,0.49725,0.51902,0.17472,0.57072,0.99675,0.81684,0.59437,0.97599,0.90156,0.59561,0.032426,0.093577,0.065372,0.45173,0.37543,0.97535,0.16798,0.97279,0.76747,0.82424,0.63262,0.66873,0.47688,0.013136,0.35301,0.49207,0.73009,0.46863,0.4574,0.13766,0.010889,0.75828,0.31995
1,0.12482,0.3125,0.50452,0.67385,0.77015,0.13034,0.022915,0.51908,0.80999,0.012604,0.67247,0.68681,0.44925,0.91479,0.64436,0.0052398,0.48443,0.85932,0.8304,0.64915,0.6737,0.5785,0.27412,0.56053,0.67173,0.35243,0.85583,0.19504,0.74732,0.2896,0.7738,0.42774,0.8077,0.35353,0.21369,0.76728,0.30864,0.73325,0.74447,0.2214,0.21411,0.19895,0.14252,0.37708,0.026628,0.11092,0.67456,0.79978,0.08053,0.2317
1,0.43531,0.92346,0.70605,0.47803,0.12621,0.97604,0.15983,0.2026,0.43118,0.4042,0.14675,0.72932,0.18875,0.6439,0.75431,0.21073,0.60095,0.74893,0.63822,0.59713,0.29548,0.73161,0.94531,0.42556,0.78218,0.056141,0.83527,0.19225,0.3951,0.30008,0.080104,0.90463,0.37015,0.5307,0.49412,0.13216,0.20645,0.076189,0.50792,0.26155,0.35706,0.10807,0.78755,0.10658,0.98571,0.17716,0.57241,0.044845,0.78712,0.18961
1,0.72292,0.17655,0.86197,0.019775,0.86024,0.5589,0.40322,0.75875,0.71693,0.98733,0.27809,0.0037937,0.9339,0.8579,0.72885,0.51669,0.70696,0.78053,0.37488,0.77032,0.75062,0.61321,0.40187,0.69731,0.0031129,0.7749,0.89642,0.23932,0.12077,0.22028,0.3021,0.88303,0.54317,0.28671,0.13835,0.29014,0.61387,0.32414,0.45736,0.44412,0.82814,0.42635,0.3457,0.67497,0.22148,0.46725,0.31477,0.62686,0.87736,0.44769
1,0.60548,0.76677,0.5047,0.49806,0.8429,0.067807,0.57327,0.94276,0.51786,0.19447,0.84794,0.25164,0.70073,0.54026,0.94884,0.62434,0.83798,0.0079329,0.98934,0.077715,0.32213,0.94615,0.0089391,0.82273,0.86121,0.43983,0.25575,0.80269,0.47786,0.13434,0.92785,0.89597,0.49155,0.8567,0.41858,0.68346,0.39799,0.50574,0.18955,0.96499,0.29422,0.10346,0.14432,0.014092,0.71595,0.5645,0.79458,0.50708,0.79182,0.69576
1,0.40864,0.24142,0.40692,0.97522,0.32032,0.98249,0.63631,0.37509,0.85748,0.61959,0.25203,0.79286,0.43294,0.35751,0.33028,0.69737,0.26865,0.80828,0.29529,0.54412,0.48792,0.85536,0.88839,0.18438,0.58535,0.89821,0.44612,0.92187,0.27899,0.60883,0.68245,0.22821,0.013768,0.41672,0.93848,0.34303,0.77974,0.17474,0.34195,0.1446,0.71677,0.69931,0.6885,0.2534,0.69236,0.2273,0.42465,0.37192,0.35531,0.057655
1,0.51418,0.87533,0.18395,0.46284,0.42893,0.49729,0.16151,0.34244,0.26188,0.84453,0.80033,0.42664,0.60702,0.14547,0.50961,0.29695,0.85965,0.6716,0.63347,0.12475,0.47059,0.98657,0.9483,0.64509,0.15172,0.63913,0.56566,0.46867,0.42804,0.59927,0.84997,0.75112,0.57936,0.9247,0.06474,0.99135,0.052995,0.1995,0.42275,0.10751,0.62367,0.047993,0.28462,0.061037,0.70352,0.66846,0.37858,0.18819,0.747,0.34038
1,0.22921,0.43388,0.38247,0.46979,0.97948,0.36438,0.77441,0.55277,0.88913,0.35495,0.24552,0.91102,0.043534,0.95075,0.55641,0.37636,0.99505,0.058363,0.51671,0.031097,0.57118,0.18047,0.63096,0.98092,0.8749,0.45184,0.70846,0.77747,0.49484,0.52853,0.15078,0.3694,0.14222,0.72689,0.47701,0.44888,0.886,0.52762,0.40909,0.26889,0.072012,0.41814,0.025753,0.29115,0.50351,0.96593,0.10938,0.67304,0.49993,0.7771
1,0.2903,0.21689,0.016716,0.39866,0.38108,0.65934,0.070918,0.1526,0.016576,0.1138,0.65179,0.40266,0.32103,0.55791,0.99346,0.83449,0.69962,0.91826,0.039729,0.070333,0.47401,0.34917,0.93725,0.48956,0.53965,0.89526,0.44664,0.87703,0.25358,0.27381,0.32836,0.54756,0.22013,0.67143,0.14279,0.0941,0.87019,0.23687,0.386,0.57154,0.5258,0.076024,0.87413,0.95114,0.81251,0.2838,0.52785,0.33942,0.55467,0.9744
1,0.75171,0.76263,0.46948,0.21076,0.041475,0.32183,0.037113,0.69386,0.67035,0.43047,0.76779,0.53601,0.03986,0.13479,0.19342,0.33566,0.052313,0.60512,0.51206,0.61746,0.43236,0.8477,0.45406,0.015404,0.87307,0.6562,0.823,0.95178,0.050912,0.23507,0.063343,0.42166,0.86383,0.081624,0.47311,0.12554,0.77289,0.84142,0.043291,0.48644,0.23941,0.95247,0.94389,0.61393,0.97349,0.34486,0.89785,0.43459,0.23581,0.94083
1,0.25344,0.60049,0.81462,0.054114,0.13051,0.84245,0.61835,0.53129,0.24829,0.29508,0.87269,0.42167,0.06443,0.89699,0.20338,0.82623,0.88177,0.48675,0.59846,0.52727,0.62482,0.85504,0.28214,0.88376,0.56769,0.1151,0.227,0.59598,0.23945,0.13142,0.16185,0.84487,0.60218,0.96357,0.34568,0.59563,0.59899,0.6157,0.059177,0.75032,0.94821,0.53468,0.19256,0.75293,0.007319,0.32826,0.91761,0.58837,0.85519,0.60467
1,0.12674,0.58982,0.036068,0.20018,0.7883,0.012097,0.30335,0.021376,0.99748,0.58203,0.29338,0.92895,0.50712,0.45469,0.58787,0.26414,0.30529,0.37165,0.24445,0.58455,0.69585,0.071947,0.97108,0.75307,0.80616,0.75164,0.080061,0.4817,0.44567,0.67247,0.44874,0.70431,0.68165,0.69715,0.6186,0.15098,0.7608,0.78105,0.9041,0.23377,0.17668,0.3911,0.32056,0.81548,0.61353,0.76,0.42767,0.099441,0.11504,0.37341
1,0.23508,0.4616,0.19859,0.025476,0.7294,0.72492,0.33039,0.84349,0.42844,0.86469,0.65707,0.58104,0.20073,0.52955,0.89443,0.30499,0.87095,0.90875,0.32984,0.68307,0.89922,0.075697,0.87859,0.19084,0.84977,0.66712,0.34434,0.15138,0.63537,0.84779,0.82185,0.62824,0.9563,0.58992,0.19783,0.42933,0.33675,0.99195,0.38024,0.9927,0.5188,0.17228,0.074574,0.37031,0.12342,0.63452,0.41392,0.99092,0.92996,0.14924
1,0.262,0.91081,0.022272,0.82112,0.18847,0.68576,0.35521,0.97421,0.12277,0.18757,0.88944,0.58341,0.30925,0.00076439,0.2276,0.1454,0.20343,0.89632,0.87309,0.70029,0.4705,0.82714,0.49583,0.36349,0.2756,0.92474,0.38699,0.49288,0.25444,0.88497,0.38326,0.29757,0.71759,0.19087,0.11819,0.837,0.74414,0.59052,0.24289,0.62325,0.63836,0.32757,0.067489,0.88054,0.45996,0.76387,0.25389,0.59139,0.4288,0.3821
1,0.67241,0.0083831,0.67838,0.50318,0.23091,0.1749,0.18498,0.84426,0.98259,0.91374,0.34737,0.78022,0.54645,0.81644,0.48373,0.58995,0.78726,0.10023,0.53701,0.36598,0.60431,0.9588,0.39282,0.39297,0.79064,0.64508,0.39388,0.68896,0.404,0.13611,0.45064,0.33442,0.21797,0.92577,0.68964,0.59882,0.74666,0.54197,0.70053,0.93056,0.86262,0.16744,0.26314,0.07161,0.97867,0.23638,0.6606,0.089631,0.21077,0.50282
1,0.39061,0.69627,0.67848,0.6873,0.56149,0.35808,0.61311,0.93574,0.59689,0.97959,0.44101,0.73961,0.037604,0.76473,0.51828,0.0053165,0.2772,0.53483,0.76796,0.053093,0.54905,0.80099,0.64958,0.93145,0.074731,0.27681,0.91924,0.76501,0.59974,0.83297,0.89604,0.97272,0.99852,0.13965,0.070542,0.073467,0.014744,0.97182,0.094767,0.84174,0.68517,0.48756,0.34669,0.35365,0.25384,0.91102,0.72564,0.025926,0.46152,0.2813
1,0.30788,0.92811,0.97692,0.52356,0.95194,0.888,0.51803,0.37275,0.71035,0.45564,0.60521,0.99041,0.77392,0.33428,0.088998,0.18491,0.52685,0.4171,0.80066,0.9332,0.17786,0.86007,0.95739,0.95947,0.037863,0.057584,0.0057974,0.31268,0.055698,0.29386,0.35602,0.95368,0.47695,0.27824,0.50301,0.64336,0.11125,0.75806,0.85195,0.84425,0.89051,0.38184,0.44381,0.10158,0.22581,0.97132,0.28462,0.9074,0.89055,0.9225
1,0.44435,0.083775,0.16532,0.1972,0.69103,0.5738,0.87332,0.24463,0.62961,0.034431,0.5162,0.86323,0.98413,0.009873,0.25284,0.22385,0.047538,0.010172,0.4902,0.045482,0.27833,0.63997,0.29469,0.26965,0.59055,0.38053,0.70252,0.49612,0.63321,0.35339,0.28704,0.13321,0.93708,0.80484,0.93803,0.18538,0.93316,0.93575,0.28354,0.27463,0.55143,0.18529,0.4421,0.18532,0.94738,0.49382,0.96392,0.64494,0.48432,0.9677
1,0.46513,0.80675,0.25666,0.39143,0.24017,0.68644,0.98988,0.17743,0.82145,0.23099,0.057976,0.13882,0.93515,0.88854,0.28926,0.94776,0.84993,0.43465,0.46805,0.62985,0.15803,0.014782,0.26551,0.015444,0.6745,0.55147,0.32165,0.7802,0.14579,0.24488,0.29231,0.19593,0.087939,0.86998,0.088189,0.68371,0.1204,0.010699,0.55727,0.90711,0.86046,0.33845,0.027159,0.80086,0.80598,0.86849,0.66965,0.80778,0.8975,0.45383
1,0.50578,0.82486,0.28185,0.17849,0.96987,0.74194,0.25979,0.58124,0.95526,0.080754,0.083534,0.61913,0.22449,0.76518,0.56815,0.66619,0.10781,0.084283,0.62512,0.40973,0.087253,0.37106,0.67214,0.18959,0.89573,0.94985,0.96157,0.73008,0.40629,0.74375,0.28799,0.31442,0.6059,0.59485,0.87866,0.2546,0.76619,0.94101,0.0010329,0.47609,0.65704,0.84332,0.18374,0.85616,0.36437,0.89227,0.027712,0.08539,0.98141,0.6095
1,0.60744,0.65083,0.84605,0.92758,0.66046,0.57817,0.39872,0.96661,0.15408,0.89509,0.31101,0.54849,0.68207,0.23647,0.16774,0.50848,0.79186,0.69241,0.11897,0.90074,0.47974,0.94668,0.55343,0.084802,0.20246,0.85424,0.70593,0.89494,0.32915,0.528,0.6504,0.59429,0.23146,0.42682,0.24811,0.84561,0.98668,0.066571,0.71393,0.33012,0.62544,0.25813,0.65101,0.37115,0.29482,0.91176,0.9425,0.61355,0.21447,0.93942
1,0.71074,0.74238,0.39026,0.75983,0.90294,0.58742,0.09041,0.12898,0.10526,0.17273,0.12643,0.7783,0.039412,0.24156,0.87907,0.97352,0.60542,0.97624,0.043452,0.94857,0.3113,0.79897,0.81063,0.86,0.45855,0.93064,0.25789,0.93445,0.61912,0.98544,0.032644,0.72517,0.56555,0.49242,0.25922,0.32683,0.24946,0.21927,0.79966,0.5024,0.08319,0.77698,0.53365,0.73939,0.51539,0.39995,0.98625,0.028243,0.93276,0.93085
1,0.29081,0.91592,0.90292,0.53538,0.86284,0.35253,0.99788,0.43369,0.29481,0.041574,0.98971,0.46489,0.73459,0.64081,0.72309,0.051111,0.92005,0.92684,0.552,0.96392,0.28096,0.60215,0.39646,0.62802,0.30063,0.81936,0.069786,0.041878,0.049396,0.15046,0.39535,0.95539,0.1108,0.64755,0.52762,0.35324,0.1982,0.22059,0.043822,0.71316,0.65384,0.44377,0.71894,0.10998,0.93872,0.84763,0.65904,0.37883,0.41657,0.48215
1,0.63918,0.74852,0.35162,0.91803,0.83675,0.55206,0.86763,0.84987,0.80841,0.13069,0.536,0.90078,0.77083,0.42071,0.97788,0.25077,0.33361,0.9542,0.80872,0.90034,0.01159,0.37976,0.23552,0.29594,0.738,0.72408,0.4618,0.36527,0.58469,0.53371,0.55058,0.61548,0.39565,0.77172,0.2512,0.65576,0.9604,0.0035548,0.72336,0.109,0.54379,0.62692,0.24295,0.91384,0.62231,0.23169,0.77013,0.10551,0.55523,0.094956
1,0.81329,0.80751,0.61968,0.4511,0.40795,0.87475,0.70293,0.18494,0.56573,0.90881,0.15069,0.84552,0.8202,0.49934,0.037584,0.1475,0.92264,0.044155,0.3725,0.61904,0.19695,0.98108,0.15598,0.53968,0.61801,0.23099,0.46631,0.49101,0.76686,0.63428,0.46755,0.66694,0.45338,0.52571,0.65857,0.1812,0.78805,0.60287,0.98033,0.22238,0.46627,0.89564,0.60143,0.72596,0.41367,0.68431,0.94606,0.20019,0.80737,0.96954
1,0.38961,0.9052,0.18858,0.44087,0.84481,0.59527,0.46216,0.51265,0.57389,0.44032,0.19356,0.11397,0.15123,0.052491,0.55868,0.84772,0.35912,0.075311,0.42572,0.60201,0.4254,0.81072,0.94189,0.86991,0.704,0.4703,0.6827,0.013418,0.98248,0.17208,0.90626,0.80711,0.80014,0.26894,0.21915,0.4288,0.84937,0.45038,0.93542,0.35268,0.61939,0.9807,0.64346,0.045498,0.46356,0.33475,0.53218,0.28475,0.12226,0.66829
1,0.20492,0.26142,0.4185,0.5418,0.47744,0.46746,0.83984,0.8701,0.81675,0.8778,0.57101,0.96404,0.60654,0.60395,0.3193,0.6812,0.051966,0.13455,0.13024,0.6552,0.17533,0.34115,0.044312,0.23373,0.96422,0.50914,0.15107,0.52301,0.94351,0.86569,0.39207,0.28387,0.76173,0.24048,0.25423,0.084086,0.86414,0.4479,0.56179,0.73671,0.79649,0.44751,0.18413,0.82873,0.030998,0.94673,0.57698,0.87539,0.60857,0.25166
1,0.76973,0.80287,0.42456,0.20412,0.067089,0.19865,0.2724,0.59879,0.87308,0.12823,0.95819,0.68317,0.74196,0.98288,0.4161,0.53158,0.67921,0.51288,0.29911,0.10538,0.28493,0.76885,0.64078,0.80133,0.51712,0.2321,0.62796,0.30401,0.029529,0.90333,0.42037,0.42613,0.74125,0.94846,0.072516,0.1727,0.32236,0.24842,0.49549,0.82446,0.85397,0.59583,0.24017,0.18649,0.74339,0.23721,0.53949,0.74928,0.22825,0.1745
1,0.67636,0.2317,0.41359,0.1393,0.37722,0.42444,0.47296,0.42284,0.10276,0.77258,0.13721,0.42429,0.27196,0.30101,0.67242,0.51779,0.19009,0.46913,0.33954,0.7045,0.2261,0.84499,0.52623,0.50062,0.25369,0.18616,0.47182,0.98182,0.13291,0.28346,0.80064,0.66478,0.27876,0.31465,0.41995,0.60279,0.71934,0.8573,0.68111,0.23698,0.92572,0.7812,0.30738,0.30497,0.88117,0.12608,0.63346,0.27771,0.8272,0.36452
1,0.64898,0.75333,0.28019,0.45136,0.90045,0.87199,0.70719,0.5909,0.81738,0.90764,0.0025076,0.39723,0.56141,0.73392,0.087473,0.39975,0.27962,0.42351,0.49798,0.66002,0.49624,0.62047,0.58244,0.42833,0.0049764,0.19452,0.32021,0.14698,0.59866,0.6115,0.50009,0.32085,0.65326,0.19028,0.005881,0.73494,0.4435,0.69784,0.18504,0.06262,0.37811,0.696,0.10282,0.19583,0.45395,0.62115,0.75012,0.10974,0.62462,0.38736
1,0.18418,0.63834,0.53657,0.77495,0.39296,0.98945,0.51521,0.47882,0.74944,0.57269,0.36247,0.48924,0.18914,0.39358,0.029962,0.46253,0.27447,0.52672,0.029272,0.55509,0.293,0.57749,0.73277,0.44034,0.66316,0.23891,0.9986,0.24288,0.94083,0.21722,0.49756,0.82118,0.71659,0.70558,0.44044,0.75418,0.91995,0.44135,0.52797,0.066036,0.39077,0.46724,0.89514,0.11056,0.73114,0.54547,0.60654,0.029783,0.14675,0.28398
1,0.30218,0.36673,0.57494,0.80922,0.2016,0.32752,0.74292,0.34092,0.047611,0.15636,0.19386,0.49511,0.63512,0.88022,0.90254,0.30716,0.75338,0.28243,0.36858,0.29273,0.41369,0.21472,0.31899,0.12192,0.96302,0.50398,0.9231,0.74616,0.45771,0.75462,0.62802,0.30376,0.52166,0.71231,0.30531,0.012523,0.26826,0.79675,0.92999,0.62533,0.13281,0.75757,0.52691,0.75387,0.85861,0.94754,0.65454,0.85426,0.74259,0.7271
1,0.53893,0.54208,0.82518,0.031984,0.87796,0.034634,0.69319,0.58748,0.64175,0.37408,0.27546,0.50941,0.88582,0.56529,0.66315,0.44138,0.97214,0.74252,0.3549,0.65353,0.54262,0.88406,0.27505,0.10807,0.19127,0.38705,0.85406,0.27084,0.62636,0.62355,0.40805,0.050335,0.74483,0.29573,0.39846,0.37724,0.6636,0.086333,0.54989,0.015422,0.98304,0.59843,0.38411,0.14675,0.69688,0.90581,0.31811,0.76649,0.2875,0.95723
1,0.77136,0.57164,0.8339,0.69828,0.14661,0.61246,0.27932,0.91588,0.19823,0.28572,0.047655,0.44758,0.55759,0.57356,0.90538,0.34741,0.44753,0.85124,0.57683,0.65399,0.27836,0.48747,0.62095,0.13339,0.032909,0.11341,0.47746,0.024027,0.62621,0.097583,0.25096,0.42649,0.11583,0.27055,0.02108,0.98505,0.61157,0.37835,0.026528,0.38984,0.45256,0.931,0.2785,0.61478,0.66517,0.18596,0.50576,0.7865,0.096579,0.60604
1,0.075033,0.86135,0.5193,0.31894,0.96303,0.93826,0.26002,0.20139,0.58891,0.84252,0.33672,0.58643,0.16224,0.19459,0.76134,0.1501,0.26591,0.68949,0.015089,0.032194,0.28753,0.33662,0.36222,0.80719,0.035981,0.3584,0.63828,0.143,0.85774,0.64556,0.11529,0.2081,0.7455,0.40341,0.48447,0.88746,0.13744,0.96437,0.04263,0.09944,0.22324,0.80659,0.45587,0.65325,0.17432,0.16672,0.52085,0.74029,0.46247,0.86961
1,0.86191,0.26161,0.41228,0.61154,0.54683,0.38927,0.10142,0.71224,0.088135,0.86608,0.86345,0.70845,0.48642,0.69915,0.39499,0.7975,0.78642,0.15553,0.31782,0.34398,0.36417,0.56665,0.041687,0.65997,0.20163,0.41646,0.45089,0.34873,0.38328,0.18031,0.06813,0.55126,0.59587,0.1455,0.23094,0.28638,0.83075,0.15342,0.55214,0.56814,0.34342,0.35062,0.95911,0.55334,0.65273,0.49074,0.64665,0.60525,0.14517,0.33468
1,0.22679,0.40818,0.68306,0.065622,0.18073,0.69431,0.75226,0.61775,0.8792,0.1688,0.70355,0.91726,0.15074,0.24376,0.54668,0.34412,0.69064,0.057568,0.16076,0.71624,0.97062,0.92955,0.90107,0.12774,0.14593,0.072265,0.54254,0.88249,0.53179,0.78172,0.18845,0.86311,0.18742,0.054764,0.42149,0.5551,0.97074,0.091754,0.27392,0.10511,0.39044,0.28901,0.5133,0.34826,0.92823,0.78995,0.86101,0.1295,0.57507,0.21478
1,0.096063,0.11873,0.31794,0.95079,0.20741,0.74728,0.25819,0.03724,0.016052,0.15271,0.46208,0.7559,0.72881,0.35239,0.47914,0.81407,0.8384,0.31992,0.004265,0.046931,0.73781,0.27263,0.48149,0.19203,0.84711,0.50338,0.52716,0.28808,0.512,0.0019636,0.2773,0.34876,0.28395,0.085952,0.52178,0.78848,0.9426,0.49729,0.59375,0.29086,0.14916,0.13187,0.73236,0.73447,0.17935,0.41356,0.59414,0.12528,0.78537,0.61999
1,0.65447,0.92526,0.66415,0.30308,0.61995,0.35132,0.32237,0.61021,0.16032,0.48674,0.94563,0.38391,0.18896,0.46884,0.84091,0.84267,0.8278,0.011476,0.26704,0.99988,0.11968,0.49009,0.79003,0.12221,0.66241,0.48808,0.19429,0.87863,0.18149,0.63905,0.74083,0.56267,0.62884,0.11897,0.30804,0.58696,0.39546,0.66395,0.85195,0.19022,0.90327,0.38318,0.94312,0.61738,0.7901,0.51478,0.53114,0.32759,0.12936,0.38382
1,0.1839,0.70403,0.91923,0.25146,0.021301,0.9605,0.68222,0.31066,0.47237,0.59926,0.37387,0.87449,0.72617,0.95434,0.35107,0.93717,0.4791,0.64232,0.73665,0.80934,0.39626,0.44795,0.81728,0.71756,0.94085,0.9796,0.17891,0.22792,0.71599,0.74738,0.60318,0.8773,0.25199,0.33949,0.49465,0.31503,0.54544,0.68248,0.22037,0.48534,0.99298,0.32416,0.035362,0.81735,0.50331,0.052784,0.89031,0.40451,0.92927,0.40208
1,0.87325,0.53376,0.10315,0.024522,0.70581,0.97913,0.78517,0.76473,0.67545,0.7955,0.040018,0.26468,0.6954,0.86699,0.67461,0.17628,0.93631,0.90338,0.086679,0.193,0.27519,0.73841,0.85937,0.57832,0.19965,0.41509,0.13786,0.9174,0.76453,0.51021,0.45358,0.097842,0.31868,0.12063,0.78234,0.54488,0.22728,0.2242,0.2604,0.30887,0.38771,0.29755,0.67956,0.035074,0.32811,0.74529,0.94281,0.80273,0.24083,0.23292
1,0.73345,0.7262,0.088959,0.3267,0.94837,0.16295,0.086672,0.5946,0.93099,0.13378,0.51301,0.684,0.17183,0.01126,0.88768,0.035231,0.25746,0.65168,0.28578,0.0097076,0.57545,0.30779,0.15151,0.97128,0.16497,0.72724,0.89072,0.85872,0.18426,0.23681,0.018363,0.93141,0.88712,0.59547,0.10937,0.17354,0.57696,0.25166,0.30017,0.17099,0.18959,0.46342,0.50987,0.51158,0.99714,0.1296,0.75617,0.79376,0.58488,0.46274
1,0.57243,0.83438,0.38472,0.091041,0.58169,0.024846,0.3618,0.98532,0.86878,0.1525,0.79883,0.811,0.92821,0.22438,0.49897,0.82744,0.66733,0.59394,0.65198,0.23852,0.02554,0.73626,0.32679,0.37676,0.61262,0.65717,0.2029,0.82603,0.38021,0.63174,0.96641,0.56479,0.35891,0.61897,0.50179,0.45238,0.73227,0.92451,0.47927,0.08823,0.56965,0.24495,0.039578,0.78814,0.27277,0.77707,0.48821,0.31794,0.31403,0.042025
1,0.69475,0.31322,0.037778,0.41456,0.22604,0.0011148,0.68572,0.95206,0.39115,0.3003,0.55375,0.85198,0.79497,0.68476,0.43211,0.69043,0.21603,0.28394,0.77782,0.92998,0.19005,0.29606,0.0062103,0.43156,0.2103,0.64142,0.70959,0.11878,0.082144,0.90634,0.38924,0.5334,0.96324,0.75905,0.32554,0.085849,0.53602,0.33613,0.021685,0.77115,0.38491,0.57132,0.75574,0.94085,0.61232,0.3154,0.11008,0.073919,0.31969,0.66084
1,0.52966,0.28698,0.62418,0.26484,0.65269,0.8419,0.63895,0.56563,0.30714,0.87678,0.98882,0.77748,0.57364,0.14128,0.31493,0.36686,0.2919,0.44595,0.61063,0.21291,0.24976,0.11215,0.30759,0.49745,0.48981,0.99558,0.98111,0.43656,0.97202,0.2144,0.54112,0.45344,0.96761,0.83618,0.21415,0.43954,0.16848,0.52909,0.79348,0.035879,0.19136,0.97746,0.9608,0.55659,0.64609,0.27209,0.95209,0.66977,0.66681,0.011103
1,0.096818,0.70695,0.0026318,0.77621,0.49156,0.20439,0.72925,0.31565,0.88382,0.18023,0.93855,0.97075,0.30449,0.86249,0.84218,0.42461,0.36368,0.28244,0.99324,0.25575,0.92068,0.42834,0.93543,0.83884,0.15578,0.57428,0.6735,0.40582,0.004877,0.32533,0.83894,0.062824,0.10542,0.70179,0.51416,0.49817,0.37361,0.60351,0.85147,0.27692,0.84476,0.41662,0.50098,0.72962,0.25872,0.92164,0.70207,0.61893,0.27301,0.69585
1,0.49248,0.87781,0.97587,0.46428,0.76799,0.49477,0.6651,0.22487,0.10954,0.97901,0.81499,0.28538,0.58583,0.38007,0.17634,0.41884,0.29719,0.016624,0.38737,0.92091,0.8282,0.57407,0.31865,0.23126,0.95602,0.56461,0.21761,0.24948,0.9596,0.23881,0.10671,0.18396,0.76622,0.70876,0.43794,0.7938,0.51751,0.4136,0.11744,0.88391,0.27559,0.61626,0.98458,0.18942,0.96519,0.65272,0.12873,0.77193,0.95178,0.56278
1,0.97325,0.73759,0.0027358,0.063361,0.58427,0.33572,0.88183,0.87367,0.98752,0.71583,0.87688,0.31965,0.11118,0.86536,0.30347,0.41933,0.64603,0.6051,0.42092,0.38615,0.12268,0.53386,0.23285,0.75481,0.67487,0.071927,0.98926,0.78046,0.22783,0.030743,0.47837,0.35274,0.54651,0.65966,0.79722,0.013544,0.7143,0.29531,0.9864,0.84624,0.5604,0.59777,0.19208,0.22625,0.15401,0.37781,0.11196,0.51127,0.63848,0.12221
1,0.23557,0.61818,0.30283,0.088768,0.30526,0.071356,0.95857,0.72717,0.10146,0.78627,0.35216,0.91144,0.4955,0.87269,0.22053,0.36719,0.36684,0.097133,0.33101,0.65971,0.46654,0.87923,0.26967,0.35482,0.32035,0.55174,0.18822,0.17324,0.93948,0.37665,0.5871,0.055152,0.14086,0.096359,0.81212,0.10315,0.51632,0.15558,0.27882,0.8826,0.63159,0.96366,0.59971,0.0095197,0.41564,0.022442,0.31398,0.48162,0.57546,0.23865
1,0.32997,0.6442,0.56546,0.89953,0.88068,0.44311,0.20474,0.63219,0.63684,0.69242,0.90747,0.78258,0.62529,0.60097,0.21276,0.65137,0.8145,0.92232,0.91665,0.5611,0.25983,0.3338,0.99776,0.5256,0.81591,0.59702,0.50693,0.34854,0.53777,0.0067347,0.87669,0.56149,0.024281,0.81817,0.13535,0.030639,0.46234,0.96066,0.093614,0.065599,0.87994,0.82137,0.81997,0.46782,0.42749,0.40107,0.58222,0.72897,0.78429,0.6548
1,0.76244,0.59762,0.22286,0.1944,0.76569,0.97869,0.01591,0.2489,0.79231,0.71917,0.24598,0.55489,0.58559,0.72138,0.46367,0.40485,0.30801,0.23831,0.092503,0.64588,0.66957,0.68734,0.0031457,0.43825,0.12255,0.52661,0.97974,0.49928,0.37465,0.81384,0.9682,0.28712,0.803,0.99614,0.11182,0.53105,0.81353,0.37629,0.44577,0.7509,0.098346,0.36053,0.56371,0.23859,0.83995,0.76585,0.96554,0.52299,0.10652,0.93662
1,0.6153,0.84439,0.62222,0.20648,0.69149,0.53201,0.26325,0.00078654,0.2355,0.67357,0.87832,0.8307,0.10811,0.071125,0.76159,0.28483,0.2718,0.0020003,0.098539,0.1356,0.15936,0.44531,0.81414,0.8123,0.90999,0.44359,0.70871,0.48833,0.049843,0.080431,0.24594,0.98162,0.69192,0.26801,0.70626,0.66135,0.04329,0.36149,0.77373,0.078523,0.88438,0.93087,0.85309,0.11738,0.56517,0.70756,0.88798,0.095776,0.81577,0.27802
1,0.99832,0.81451,0.41398,0.87914,0.7325,0.92875,0.17161,0.29484,0.093737,0.31798,0.38119,0.63271,0.47152,0.71767,0.26922,0.17306,0.37912,0.43808,0.42213,0.91357,0.26957,0.35204,0.21521,0.37192,0.38986,0.57543,0.27836,0.25949,0.71906,0.91018,0.1221,0.18229,0.13311,0.68361,0.21401,0.60457,0.20168,0.81776,0.31611,0.66962,0.14873,0.30595,0.29724,0.63508,0.68088,0.84525,0.18335,0.76043,0.71194,0.55754
1,0.38898,0.49795,0.93505,0.055196,0.82901,0.98416,0.26727,0.89006,0.2903,0.79901,0.45986,0.59761,0.23667,0.68761,0.14868,0.55969,0.49433,0.83721,0.48147,0.78473,0.40029,0.30791,0.78723,0.41846,0.49677,0.57732,0.81967,0.58132,0.40614,0.16059,0.70211,0.88323,0.10838,0.46621,0.93454,0.56351,0.54525,0.063476,0.5353,0.65454,0.14659,0.95636,0.19615,0.67393,0.27434,0.10843,0.2609,0.33415,0.46473,0.23436
1,0.10913,0.39668,0.087267,0.65539,0.94983,0.75563,0.11689,0.020481,0.33489,0.99288,0.31283,0.73751,0.71653,0.57256,0.36765,0.20827,0.98,0.065894,0.23623,0.3089,0.9095,0.71337,0.26537,0.1645,0.8805,0.79378,0.038387,0.8793,0.58794,0.45754,0.67385,0.039443,0.33032,0.088048,0.68364,0.39801,0.47895,0.2898,0.78829,0.046513,0.28113,0.5906,0.79013,0.6016,0.73049,0.023528,0.25492,0.042092,0.50001,0.98914
1,0.15965,0.82858,0.20618,0.35222,0.23058,0.80768,0.49027,0.87383,0.13009,0.49896,0.77661,0.98121,0.67338,0.183,0.75977,0.074635,0.76277,0.82782,0.55921,0.49272,0.93653,9.6951e-05,0.0095669,0.25195,0.50568,0.54042,0.37129,0.29271,0.20237,0.80028,0.31592,0.49247,0.81129,0.61236,0.40861,0.1769,0.39765,0.48521,0.99058,0.2842,0.16564,0.22058,0.21147,0.076048,0.36491,0.28473,0.88759,0.78026,0.10906,0.8505
1,0.84385,0.36957,0.22295,0.99711,0.81734,0.042128,0.37328,0.81219,0.52838,0.24713,0.79289,0.26175,0.00039838,0.23132,0.99337,0.6562,0.22067,0.68614,0.68694,0.64074,0.070549,0.24296,0.87084,0.73474,0.16782,0.29859,0.56272,0.82645,0.20052,0.10167,0.38187,0.91235,0.26051,0.1083,0.055943,0.35167,0.037627,0.58303,0.67256,0.46048,0.74112,0.50102,0.70235,0.23064,0.74461,0.50164,0.70537,0.4467,0.50594,0.041535
1,0.16049,0.74141,0.96309,0.73364,0.077064,0.84091,0.067514,0.43631,0.92886,0.26318,0.12795,0.76224,0.92861,0.32577,0.23246,0.18249,0.96324,0.57663,0.86009,0.30834,0.056436,0.4538,0.20711,0.51898,0.53799,0.29429,0.30745,0.024174,0.4204,0.32369,0.61949,0.85976,0.49264,0.082708,0.93348,0.80833,0.36552,0.33073,0.93793,0.37489,0.6358,0.98534,0.03674,0.31463,0.23124,0.92237,0.55114,0.053714,0.75525,0.68408
1,0.22089,0.20551,0.56796,0.66304,0.52742,0.056349,0.36316,0.96773,0.69551,0.36974,0.67163,0.26511,0.077478,0.52807,0.28977,0.48165,0.90199,0.65174,0.72332,0.10259,0.47966,0.40434,0.64686,0.28774,0.38306,0.98102,0.11481,0.19991,0.23905,0.69665,0.71369,0.78475,0.38104,0.8524,0.69735,0.71326,0.82199,0.62892,0.42223,0.030799,0.59546,0.56376,0.60081,0.32285,0.55488,0.17166,0.64986,0.071673,0.87508,0.21614
1,0.7718,0.65808,0.8998,0.78313,0.42475,0.32426,0.39388,0.061412,0.36343,0.35304,0.86562,0.8887,0.96305,0.3282,0.69332,0.63307,0.24244,0.86999,0.2141,0.74771,0.14466,0.10682,0.72032,0.52632,0.44292,0.77818,0.35874,0.85335,0.96217,0.97913,0.27763,0.41501,0.72501,0.89487,0.71131,0.75813,0.8834,0.36695,0.54254,0.53477,0.64758,0.89518,0.60083,0.96994,0.73214,0.41529,0.58114,0.92232,0.6185,0.70993
1,0.71046,0.40106,0.17138,0.8758,0.63906,0.9966,0.1011,0.24485,0.083655,0.74474,0.15958,0.88166,0.49148,0.52617,0.04252,0.61405,0.22761,0.2135,0.89532,0.88801,0.0052652,0.8323,0.9023,0.51195,0.65617,0.76779,0.68544,0.45912,0.57345,0.57406,0.84213,0.24044,0.75723,0.81234,0.79703,0.80771,0.82928,0.41752,0.61789,0.75525,0.76977,0.9586,0.97508,0.56473,0.46574,0.83553,0.21996,0.7664,0.19201,0.59163
1,0.062225,0.36215,0.092815,0.56564,0.6405,0.76778,0.63254,0.18706,0.75024,0.54886,0.10217,0.024827,0.29875,0.69002,0.93279,0.9665,0.76455,0.29325,0.62207,0.2311,0.75069,0.16587,0.75647,0.86859,0.51951,0.065635,0.44889,0.83783,0.17975,0.038559,0.73269,0.56304,0.042061,0.98489,0.56933,0.58516,0.78991,0.90263,0.060751,0.34851,0.20009,0.46515,0.091468,0.068086,0.30089,0.90435,0.97554,0.76372,0.00074091,0.73522
1,0.37108,0.73119,0.8473,0.13036,0.087407,0.37192,0.40388,0.2764,0.75417,0.32179,0.80014,0.91131,0.51315,0.42942,0.091595,0.27368,0.88665,0.24594,0.62119,0.49501,0.094373,0.89937,0.067771,0.6807,0.972,0.70937,0.32591,0.07344,0.57974,0.73352,0.35885,0.65375,0.56659,0.034106,0.92069,0.38001,0.3794,0.84636,0.48428,0.45107,0.63986,0.21177,0.5283,0.66857,0.53878,0.70876,0.59854,0.84141,0.87917,0.097839
1,0.77077,0.44433,0.29012,0.64398,0.88694,0.037605,0.69309,0.66855,0.86801,0.19637,0.71279,0.1039,0.056626,0.6808,0.022635,0.044299,0.036953,0.46541,0.75787,0.9922,0.22661,0.79238,0.79525,0.87224,0.31426,0.13293,0.7967,0.56746,0.41465,0.058642,0.0065569,0.31602,0.27146,0.47572,0.92361,0.41668,0.28788,0.84525,0.30695,0.91558,0.86341,0.63882,0.74768,0.15732,0.60287,0.32704,0.48868,0.22539,0.90196,0.41153
1,0.32165,0.71067,0.93444,0.89478,0.74223,0.2661,0.37249,0.55842,0.38105,0.45575,0.79353,0.10394,0.973,0.70462,0.86473,0.78168,0.43218,0.94251,0.25309,0.046248,0.096878,0.20074,0.53908,0.2236,0.83532,0.0093387,0.7459,0.96901,0.26718,0.62382,0.71478,0.32696,0.43313,0.73441,0.13115,0.14369,0.37541,0.22841,0.30699,0.15007,0.096636,0.91598,0.34589,0.56597,0.5472,0.45036,0.74782,0.33158,0.89248,0.068033
1,0.29431,0.28549,0.0067954,0.37162,0.048897,0.87438,0.72182,0.59531,0.74388,0.90109,0.69409,0.59076,0.12426,0.40458,0.57895,0.60284,0.96078,0.2055,0.66315,0.25643,0.41776,0.97195,0.33108,0.36202,0.43957,0.040668,0.39857,0.61899,0.57808,0.87341,0.64119,0.55696,0.64065,0.047617,0.99612,0.15171,0.41845,0.29525,0.57722,0.55956,0.35211,0.97363,0.75127,0.88984,0.45541,0.59941,0.41345,0.30426,0.52547,0.19097
1,0.083461,0.65589,0.22539,0.11796,0.34868,0.67717,0.55076,0.043963,0.85675,0.4776,0.85678,0.18765,0.083733,0.51597,0.45454,0.013894,0.039355,0.093633,0.040677,0.17574,0.57554,0.47675,0.97977,0.070737,0.86742,0.57852,0.87648,0.055714,0.099154,0.86309,0.57038,0.55849,0.013013,0.64225,0.84766,0.99613,0.43295,0.31141,0.40477,0.22803,0.2261,0.43364,0.68454,0.66074,0.77249,0.21681,0.72871,0.79525,0.56181,0.46567
1,0.49764,0.9549,0.87745,0.87405,0.9966,0.77345,0.20306,0.83989,0.16625,0.88909,0.33858,0.28794,0.60622,0.060612,0.90709,0.38107,0.78998,0.71055,0.70415,0.53263,0.46668,0.6454,0.69158,0.23582,0.75381,0.93662,0.8151,0.73061,0.82171,0.0069549,0.17482,0.34198,0.73352,0.97837,0.73288,0.47899,0.92105,0.3777,0.64169,0.0015045,0.17936,0.29484,0.38699,0.45982,0.79672,0.27985,0.082662,0.52137,0.98115,0.40076
1,0.30402,0.66508,0.28556,0.46354,0.65182,0.12188,0.46722,0.73521,0.96052,0.021389,0.83248,0.93915,0.98582,0.93783,0.12925,0.88602,0.15286,0.36052,0.36116,0.27979,0.3548,0.543,0.078517,0.37287,0.58322,0.13425,0.24299,0.31278,0.074534,0.80769,0.2634,0.4106,0.40541,0.30474,0.12774,0.89356,0.68139,0.26689,0.092431,0.1235,0.27644,0.049043,0.14515,0.47503,0.93598,0.43407,0.70914,0.57031,0.97624,0.17821
1,0.59774,0.027448,0.18553,0.056512,0.79246,0.073951,0.78646,0.027952,0.25521,0.29758,0.56461,0.56206,0.8874,0.63738,0.16146,0.026995,0.76198,0.53557,0.57863,0.41411,0.58982,0.40563,0.44569,0.59274,0.49234,0.059103,0.97679,0.85514,0.37909,0.54652,0.93287,0.39797,0.94477,0.030486,0.7458,0.79701,0.19384,0.16287,0.59108,0.47969,0.58654,0.13227,0.27774,0.069672,0.108,0.71638,0.026402,0.53965,0.29866,0.8685
1,0.42737,0.22718,0.070876,0.42505,0.10642,0.72312,0.29839,0.49036,0.19558,0.68083,0.83083,0.22041,0.0078087,0.2509,0.62764,0.31082,0.83621,0.85274,0.37174,0.36533,0.016563,0.54968,0.15427,0.11268,0.053338,0.17928,0.15593,0.03549,0.98243,0.6583,0.38699,0.062485,0.047245,0.80495,0.42278,0.10826,0.16703,0.68019,0.42723,0.096808,0.39201,0.044756,0.27103,0.50308,0.45748,0.76863,0.16023,0.51004,0.14153,0.18937
1,0.10314,0.60711,0.42033,0.50063,0.65581,0.18572,0.35953,0.48038,0.61478,0.28556,0.50277,0.27855,0.57239,0.34229,0.83916,0.68591,0.81613,0.15425,0.18519,0.54259,0.061398,0.53806,0.336,0.32445,0.22985,0.0046867,0.68707,0.75278,0.33828,0.4698,0.79738,0.64747,0.022978,0.28397,0.95439,0.88315,0.32522,0.91063,0.47918,0.20207,0.27145,0.24098,0.055575,0.43714,0.90458,0.52576,0.54546,0.227,0.046401,0.12581
1,0.53646,0.61652,0.396,0.18386,0.58527,0.033297,0.89398,0.64441,0.094544,0.55137,0.12897,0.11882,0.26555,0.76291,0.69822,0.55885,0.25523,0.51787,0.92975,0.18532,0.73421,0.87218,0.66946,0.2037,0.12917,0.51503,0.13031,0.8257,0.52364,0.29142,0.56813,0.26064,0.58447,0.23212,0.21905,0.51851,0.83542,0.64477,0.094191,0.13407,0.3903,0.31956,0.89122,0.89129,0.029824,0.21052,0.38835,0.17637,0.91869,0.1896
1,0.7617,0.9596,0.3366,0.76659,0.92162,0.81077,0.81434,0.9483,0.29068,0.44015,0.10606,0.87728,0.3437,0.90524,0.20386,0.34961,0.69048,0.92271,0.68795,0.34009,0.040043,0.33175,0.47616,0.7304,0.89363,0.006309,0.076734,0.28179,0.53562,0.53579,0.42526,0.88364,0.72735,0.13596,0.23514,0.50531,0.36252,0.80862,0.41934,0.94116,0.18246,0.48279,0.89425,0.065736,0.27923,0.20277,0.98481,0.46845,0.88817,0.85393
1,0.78195,0.85872,0.28125,0.19893,0.64661,0.56414,0.15458,0.74217,0.36009,0.60467,0.006493,0.59052,0.73343,0.34567,0.75933,0.42697,0.4232,0.29935,0.74106,0.91708,0.4431,0.98698,0.79949,0.31124,0.23311,0.35894,0.40467,0.4959,0.70153,0.841,0.059074,0.45307,0.42756,0.42403,0.56368,0.9398,0.33032,0.94897,0.24588,0.54841,0.7134,0.88062,0.7817,0.96576,0.55114,0.90543,0.65468,0.16901,0.030661,0.76078
1,0.66524,0.40406,0.86609,0.5324,0.89484,0.73971,0.5229,0.71966,0.88675,0.19451,0.42981,0.85935,0.030496,0.13308,0.40535,0.11236,0.72615,0.97481,0.48907,0.96027,0.13577,0.70044,0.58286,0.79173,0.5377,0.97989,0.43965,0.95027,0.91828,0.42387,0.41052,0.019947,0.44849,0.19941,0.33593,0.28252,0.6702,0.44017,0.60025,0.84352,0.83277,0.58556,0.44054,0.40041,0.071127,0.46738,0.40304,0.20153,0.80272,0.69815
1,0.88975,0.73052,0.20651,0.80015,0.79531,0.79909,0.3168,0.61295,0.65229,0.12023,0.91868,0.36814,0.68838,0.92834,0.67487,0.93848,0.69911,0.17086,0.72891,0.40572,0.31857,0.78065,0.79049,0.94901,0.20319,0.53266,0.77212,0.51635,0.22879,0.99529,0.88932,0.57714,0.53805,0.83998,0.91463,0.81959,0.43281,0.85562,0.22561,0.54052,0.31515,0.11963,0.14551,0.9366,0.19499,0.64991,0.23912,0.52547,0.13063,0.28954
1,0.10058,0.44811,0.76051,0.23162,0.80913,0.25241,0.083801,0.513,0.00097781,0.70811,0.73906,0.97332,0.66316,0.49422,0.073623,0.5343,0.14183,0.80239,0.57615,0.21291,0.70706,0.33301,0.6691,0.77955,0.086576,0.51066,0.10367,0.64946,0.3155,0.6435,0.048554,0.867,0.47816,0.79355,0.22664,0.33497,0.76377,0.85342,0.43712,0.93033,0.57961,0.049097,0.45286,0.1604,0.73282,0.34735,0.20118,0.84279,0.8178,0.34365
1,0.50115,0.76786,0.50992,0.56807,0.18462,0.5444,0.20103,0.55622,0.14144,0.18601,0.76478,0.070886,0.36931,0.87788,0.10434,0.35915,0.11396,0.87654,0.12624,0.25456,0.42191,0.66526,0.34471,0.2135,0.37339,0.57102,0.99075,0.32717,0.3622,0.70624,0.29894,0.3497,0.99471,0.60427,0.82881,0.031666,0.14549,0.72773,0.53974,0.99526,0.49563,0.3841,0.19437,0.59017,0.76663,0.92444,0.13763,0.0080899,0.47796,0.18295
1,0.05034,0.17186,0.9806,0.90038,0.93973,0.90844,0.44142,0.9388,0.23741,0.049514,0.55726,0.31332,0.53208,0.47161,0.48313,0.57008,0.92344,0.23619,0.87608,0.73384,0.079211,0.83539,0.39764,0.33574,0.000393,0.24581,0.68795,0.85117,0.24105,0.37094,0.15042,0.8035,0.71702,0.70048,0.67885,0.89205,0.88303,0.62537,0.28878,0.4031,0.028957,0.91648,0.68745,0.90817,0.30209,0.94483,0.86403,0.88601,0.00014133,0.37724
1,0.54451,0.91711,0.88438,0.78372,0.32273,0.78444,0.14519,0.86023,0.773,0.77597,0.5287,0.45019,0.22663,0.80868,0.96593,0.54353,0.90221,0.28235,0.51776,0.32816,0.9918,0.25032,0.67876,0.7642,0.032227,0.98227,0.091323,0.61407,0.14935,0.5208,0.093345,0.7812,0.77293,0.59815,0.014543,0.042024,0.18097,0.97203,0.2546,0.75101,0.28124,0.25552,0.25786,0.29705,0.0089446,0.98718,0.56646,0.60184,0.53826,0.043838
1,0.58118,0.5456,0.84328,0.44739,0.60357,0.12361,0.25238,0.85035,0.016224,0.15625,0.82338,0.22934,0.25919,0.70079,0.96653,0.19828,0.7475,0.14051,0.3825,0.32329,0.88379,0.65538,0.33358,0.021608,0.36901,0.97218,0.5291,0.74214,0.34539,0.46059,0.21164,0.83696,0.35981,0.037088,0.68899,0.15579,0.79875,0.015262,0.58562,0.49552,0.99746,0.13437,0.67255,0.094945,0.16177,0.98833,0.80667,0.24464,0.8463,0.0356
1,0.8499,0.53015,0.017098,0.18489,0.43347,0.079976,0.28066,0.2504,0.00060864,0.69289,0.77389,0.82035,0.85163,0.15152,0.89004,0.65821,0.69613,0.56407,0.93968,0.25185,0.78688,0.49526,0.8909,0.2762,0.015247,0.064891,0.89964,0.64115,0.73027,0.50436,0.55757,0.36389,0.78264,0.75687,0.70001,0.96189,0.76884,0.97792,0.59028,0.61926,0.63905,0.32637,0.033029,0.78818,0.71019,0.079032,0.14858,0.68634,0.53504,0.19121
1,0.40891,0.020116,0.11946,0.94006,0.55886,0.68646,0.37777,0.76312,0.89639,0.91019,0.49649,0.76261,0.70896,0.9513,0.24155,0.56134,0.043773,0.92318,0.94526,0.50091,0.58612,0.77194,0.24933,0.37899,0.28861,0.5388,0.94896,0.3854,0.04501,0.68252,0.49503,0.29651,0.41589,0.86251,0.82102,0.17085,0.68513,0.99766,0.78436,0.72505,0.31002,0.15947,0.86432,0.61035,0.39009,0.75559,0.71863,0.64733,0.20726,0.88553
1,0.41393,0.61556,0.39852,0.038918,0.30197,0.24628,0.9723,0.7675,0.4037,0.73663,0.30266,0.5273,0.20714,0.25426,0.43402,0.082426,0.85329,0.91633,0.21311,0.47372,0.84146,0.28828,0.61071,0.44205,0.39749,0.78937,0.46451,0.4648,0.99203,0.96223,0.23508,0.22695,0.66274,0.41195,0.71875,0.73345,0.78329,0.26331,0.99836,0.4937,0.083927,0.11202,0.5615,0.51011,0.93484,0.90083,0.4654,0.20648,0.56442,0.30873
1,0.62521,0.41259,0.90059,0.81028,0.54085,0.40503,0.39718,0.11399,0.93724,0.23454,0.15282,0.51002,0.45504,0.074027,0.57557,0.69854,0.49055,0.072894,0.17966,0.11594,0.58346,0.085088,0.38405,0.14716,0.41149,0.62527,0.35954,0.89598,0.41748,0.93366,0.82046,0.11664,0.10397,0.13281,0.63847,0.68459,0.79001,0.54233,0.67536,0.68675,0.33823,0.65052,0.4041,0.64016,0.93462,0.42997,0.50617,0.33206,0.57872,0.86342
1,0.91239,0.057947,0.604,0.10395,0.31348,0.14294,0.49951,0.6361,0.82926,0.45001,0.76945,0.59534,0.97226,0.11972,0.81632,0.83516,0.79157,0.45482,0.52721,0.98538,0.94464,0.763,0.46026,0.54024,0.80456,0.27687,0.25653,0.21386,0.55121,0.9514,0.23774,0.8016,0.03041,0.50622,0.28403,0.28272,0.39197,0.53546,0.77289,0.96166,0.15039,0.39479,0.16274,0.83664,0.084802,0.85629,0.74085,0.85834,0.88992,0.15078
1,0.89823,0.26698,0.49337,0.63642,0.0014998,0.11324,0.46654,0.62328,0.81967,0.41481,0.92685,0.59738,0.0018308,0.68004,0.21277,0.015256,0.73575,0.55191,0.78362,0.088169,0.3557,0.2997,0.569,0.51015,0.78213,0.18706,0.5765,0.64438,0.45987,0.55798,0.97433,0.75167,0.38099,0.43402,0.71283,0.093712,0.63781,0.11436,0.10185,0.66667,0.1671,0.76472,0.75059,0.31202,0.57086,0.64514,0.81146,0.20147,0.67624,0.82289
1,0.48976,0.34383,0.66992,0.76944,0.54006,0.041638,0.23508,0.02044,0.32778,0.46806,0.78457,0.53227,0.47743,0.69795,0.017417,0.69499,0.31196,0.55979,0.60681,0.18214,0.25027,0.57882,0.26262,0.23942,0.35903,0.90441,0.86921,0.51404,0.051748,0.80034,0.18119,0.66874,0.83537,0.9648,0.12685,0.52331,0.85061,0.53761,0.73005,0.78546,0.8366,0.66653,0.89774,0.64779,0.94464,0.6293,0.87243,0.59566,0.34435,0.81346
1,0.99772,0.16131,0.53454,0.39098,0.54115,0.10338,0.44074,0.46146,0.59589,0.66238,0.59015,0.72938,0.5809,0.4431,0.49679,0.43009,0.21007,0.2268,0.45739,0.43355,0.77928,0.42086,0.67337,0.16604,0.82406,0.68541,0.78905,0.35948,0.66255,0.21709,0.22101,0.24246,0.26459,0.40841,0.8287,0.94742,0.63246,0.13474,0.41999,0.93619,0.32054,0.61928,0.93513,0.46068,0.5004,0.91869,0.92982,0.90449,0.51363,0.63981
1,0.31366,0.95145,0.99077,0.86689,0.46186,0.46562,0.76473,0.098408,0.99404,0.69221,0.29929,0.90885,0.55258,0.08519,0.10825,0.031665,0.21619,0.051414,0.51027,0.08294,0.44312,0.2362,0.55972,0.43897,0.83754,0.33654,0.23023,0.94012,0.46636,0.028158,0.079436,0.55557,0.21077,0.14824,0.19553,0.74475,0.94901,0.12938,0.87978,0.71192,0.55684,0.067019,0.78774,0.81228,0.75458,0.55049,0.6316,0.43666,0.30785,0.20771
1,0.30268,0.38247,0.031099,0.51993,0.94058,0.79725,0.53509,0.67654,0.78523,0.26109,0.27566,0.60522,0.67418,0.0036135,0.8557,0.14491,0.51235,0.56218,0.0071911,0.42885,0.53374,0.69071,0.90317,0.068561,0.2831,0.52793,0.29023,0.42013,0.98205,0.056933,0.92891,0.66798,0.49858,0.4647,0.55893,0.29159,0.1718,0.61974,0.98848,0.51622,0.67101,0.51953,0.20003,0.5787,0.95788,0.69242,0.027337,0.36312,0.63389,0.56707
1,0.66262,0.52337,0.1783,0.71844,0.54058,0.21409,0.41806,0.68076,0.99376,0.54844,0.79392,0.33058,0.51156,0.83503,0.97046,0.17847,0.85131,0.9884,0.45046,0.30796,0.91246,0.21986,0.98826,0.40154,0.092234,0.13677,0.47707,0.060948,0.25189,0.795,0.78533,0.81082,0.046263,0.76645,0.80685,0.01605,0.39133,0.86558,0.95847,0.91959,0.54699,0.30992,0.58926,0.59599,0.66455,0.59082,0.86806,0.37398,0.24402,0.020487
